SalesOrderID,RevisionNumber,OrderDate,DueDate,ShipDate,Status,OnlineOrderFlag,SalesOrderNumber,PurchaseOrderNumber,AccountNumber,CustomerID,ContactID,SalesPersonID,TerritoryID,BillToAddressID,ShipToAddressID,ShipMethodID,CreditCardID,CreditCardApprovalCode,CurrencyRateID,SubTotal,TaxAmt,Freight,TotalDue,Comment,rowguid,ModifiedDate
43659,1,"2001-07-01 00:00:00","2001-07-13 00:00:00","2001-07-08 00:00:00",5,0,SO43659,PO522145787,10-4020-000676,676,378,279,5,985,985,5,16281,105041Vi84182,NULL,24643.9362,1971.5149,616.0984,27231.5495,NULL,...,"2001-07-08 00:00:00"
43660,1,"2001-07-01 00:00:00","2001-07-13 00:00:00","2001-07-08 00:00:00",5,0,SO43660,PO18850127500,10-4020-000117,117,216,279,5,921,921,5,5618,115213Vi29411,NULL,1553.1035,124.2483,38.8276,1716.1794,NULL,...,"2001-07-08 00:00:00"
43661,1,"2001-07-01 00:00:00","2001-07-13 00:00:00","2001-07-08 00:00:00",5,0,SO43661,PO18473189620,10-4020-000442,442,281,282,6,517,517,5,1346,85274Vi6854,4,39422.1198,3153.7696,985.553,43561.4424,NULL,...,"2001-07-08 00:00:00"
43662,1,"2001-07-01 00:00:00","2001-07-13 00:00:00","2001-07-08 00:00:00",5,0,SO43662,PO18444174044,10-4020-000227,227,564,282,6,482,482,5,10456,125295Vi53935,4,34689.5578,2775.1646,867.2389,38331.9613,NULL,...,"2001-07-08 00:00:00"
43663,1,"2001-07-01 00:00:00","2001-07-13 00:00:00","2001-07-08 00:00:00",5,0,SO43663,PO18009186470,10-4020-000510,510,97,276,4,1073,1073,5,4322,45303Vi22691,NULL,503.3507,40.2681,12.5838,556.2026,NULL,...,"2001-07-08 00:00:00"
43664,1,"2001-07-01 00:00:00","2001-07-13 00:00:00","2001-07-08 00:00:00",5,0,SO43664,PO16617121983,10-4020-000397,397,458,280,1,876,876,5,806,95555Vi4081,NULL,29312.401,2344.9921,732.81,32390.2031,NULL,...,"2001-07-08 00:00:00"
43665,1,"2001-07-01 00:00:00","2001-07-13 00:00:00","2001-07-08 00:00:00",5,0,SO43665,PO16588191572,10-4020-000146,146,114,283,1,849,849,5,15232,35568Vi78804,NULL,17199.2839,1375.9427,429.9821,19005.2087,NULL,...,"2001-07-08 00:00:00"
43666,1,"2001-07-01 00:00:00","2001-07-13 00:00:00","2001-07-08 00:00:00",5,0,SO43666,PO16008173883,10-4020-000511,511,828,276,4,1074,1074,5,13349,105623Vi69217,NULL,6079.6842,486.3747,151.9921,6718.051,NULL,...,"2001-07-08 00:00:00"
43667,1,"2001-07-01 00:00:00","2001-07-13 00:00:00","2001-07-08 00:00:00",5,0,SO43667,PO15428132599,10-4020-000646,646,542,277,3,629,629,5,10370,55680Vi53503,NULL,7326.5034,586.1203,183.1626,8095.7863,NULL,...,"2001-07-08 00:00:00"
43668,1,"2001-07-01 00:00:00","2001-07-13 00:00:00","2001-07-08 00:00:00",5,0,SO43668,PO14732180295,10-4020-000514,514,151,282,6,529,529,5,1566,85817Vi8045,4,43272.067,3461.7654,1081.8017,47815.6341,NULL,...,"2001-07-08 00:00:00"
43669,1,"2001-07-01 00:00:00","2001-07-13 00:00:00","2001-07-08 00:00:00",5,0,SO43669,PO14123169936,10-4020-000578,578,295,283,1,895,895,5,15538,25877Vi80261,NULL,881.4687,70.5175,22.0367,974.0229,NULL,...,"2001-07-08 00:00:00"
43670,1,"2001-07-01 00:00:00","2001-07-13 00:00:00","2001-07-08 00:00:00",5,0,SO43670,PO14384116310,10-4020-000504,504,99,275,3,810,810,5,18017,105888Vi93490,NULL,7344.5034,587.5603,183.6126,8115.6763,NULL,...,"2001-07-08 00:00:00"
43671,1,"2001-07-01 00:00:00","2001-07-13 00:00:00","2001-07-08 00:00:00",5,0,SO43671,PO13978119376,10-4020-000200,200,448,283,1,855,855,5,13693,25904Vi70960,NULL,9760.1695,780.8136,244.0042,10784.9873,NULL,...,"2001-07-08 00:00:00"
43672,1,"2001-07-01 00:00:00","2001-07-13 00:00:00","2001-07-08 00:00:00",5,0,SO43672,PO13862153537,10-4020-000119,119,844,282,6,464,464,5,3980,95915Vi20982,4,7345.0284,587.6023,183.6257,8116.2564,NULL,...,"2001-07-08 00:00:00"
43673,1,"2001-07-01 00:00:00","2001-07-13 00:00:00","2001-07-08 00:00:00",5,0,SO43673,PO13775141242,10-4020-000618,618,398,275,2,821,821,5,1417,35931Vi7271,NULL,4474.5179,357.9614,111.8629,4944.3422,NULL,...,"2001-07-08 00:00:00"
43674,1,"2001-07-01 00:00:00","2001-07-13 00:00:00","2001-07-08 00:00:00",5,0,SO43674,PO12760141756,10-4020-000083,83,131,282,6,458,458,5,19204,26081Vi99806,4,3149.2584,251.9407,78.7315,3479.9306,NULL,...,"2001-07-08 00:00:00"
43675,1,"2001-07-01 00:00:00","2001-07-13 00:00:00","2001-07-08 00:00:00",5,0,SO43675,PO12412186464,10-4020-000670,670,380,277,3,631,631,5,11886,126121Vi61402,NULL,6835.9493,546.8759,170.8987,7553.7239,NULL,...,"2001-07-08 00:00:00"
43676,1,"2001-07-01 00:00:00","2001-07-13 00:00:00","2001-07-08 00:00:00",5,0,SO43676,PO11861165059,10-4020-000017,17,364,275,5,755,755,5,18153,36168Vi94127,NULL,17040.8246,1363.266,426.0206,18830.1112,NULL,...,"2001-07-08 00:00:00"
43677,1,"2001-07-01 00:00:00","2001-07-13 00:00:00","2001-07-08 00:00:00",5,0,SO43677,PO11049174786,10-4020-000679,679,377,278,6,556,556,5,14030,16302Vi72763,4,9338.7639,747.1011,233.4691,10319.3341,NULL,...,"2001-07-08 00:00:00"
43678,1,"2001-07-01 00:00:00","2001-07-13 00:00:00","2001-07-08 00:00:00",5,0,SO43678,PO10817150168,10-4020-000203,203,447,281,4,1021,1021,5,5093,66363Vi26658,NULL,11775.9248,942.074,294.3981,13012.3969,NULL,...,"2001-07-08 00:00:00"
43679,1,"2001-07-01 00:00:00","2001-07-13 00:00:00","2001-07-08 00:00:00",5,0,SO43679,PO10527142759,10-4020-000480,480,309,278,6,525,525,5,5439,126365Vi28482,4,1572.5395,125.8032,39.3135,1737.6562,NULL,...,"2001-07-08 00:00:00"
43680,1,"2001-07-01 00:00:00","2001-07-13 00:00:00","2001-07-08 00:00:00",5,0,SO43680,PO10730130087,10-4020-000491,491,6,281,4,1069,1069,5,6653,126370Vi34642,NULL,13670.4923,1093.6394,341.7623,15105.894,NULL,...,"2001-07-08 00:00:00"
43681,1,"2001-07-01 00:00:00","2001-07-13 00:00:00","2001-07-08 00:00:00",5,0,SO43681,PO1189177803,10-4020-000423,423,204,279,5,955,955,5,5301,16608Vi27707,NULL,16538.3348,1323.0668,413.4584,18274.86,NULL,...,"2001-07-08 00:00:00"
43682,1,"2001-07-01 00:00:00","2001-07-13 00:00:00","2001-07-08 00:00:00",5,0,SO43682,PO1566124200,10-4020-000486,486,307,275,2,808,808,5,76,96712Vi373,NULL,4647.5028,371.8002,116.1876,5135.4906,NULL,...,"2001-07-08 00:00:00"
43683,1,"2001-07-01 00:00:00","2001-07-13 00:00:00","2001-07-08 00:00:00",5,0,SO43683,PO2552113807,10-4020-000506,506,14,283,1,889,889,5,13045,76866Vi67506,NULL,51339.3613,4107.1489,1283.484,56729.9942,NULL,...,"2001-07-08 00:00:00"
43684,1,"2001-07-01 00:00:00","2001-07-13 00:00:00","2001-07-08 00:00:00",5,0,SO43684,PO3393188842,10-4020-000549,549,475,279,5,971,971,5,267,37982Vi1394,NULL,6715.7647,537.2612,167.8941,7420.92,NULL,...,"2001-07-08 00:00:00"
43685,1,"2001-07-01 00:00:00","2001-07-13 00:00:00","2001-07-08 00:00:00",5,0,SO43685,PO4176124783,10-4020-000458,458,862,279,5,958,958,5,2519,108058Vi13146,NULL,3290.0127,263.201,82.2503,3635.464,NULL,...,"2001-07-08 00:00:00"
43686,1,"2001-07-01 00:00:00","2001-07-13 00:00:00","2001-07-08 00:00:00",5,0,SO43686,PO5075125561,10-4020-000344,344,142,283,1,871,871,5,14612,48152Vi75759,NULL,4155.9598,332.4768,103.899,4592.3356,NULL,...,"2001-07-08 00:00:00"
43687,1,"2001-07-01 00:00:00","2001-07-13 00:00:00","2001-07-08 00:00:00",5,0,SO43687,PO4959110829,10-4020-000269,269,147,275,2,783,783,5,3235,128163Vi17021,NULL,1510.0521,120.8042,37.7513,1668.6076,NULL,...,"2001-07-08 00:00:00"
43688,1,"2001-07-01 00:00:00","2001-07-13 00:00:00","2001-07-08 00:00:00",5,0,SO43688,PO5365136389,10-4020-000161,161,265,275,2,771,771,5,12399,88200Vi64099,NULL,15286.0479,1222.8838,382.1512,16891.0829,NULL,...,"2001-07-08 00:00:00"
43689,1,"2001-07-01 00:00:00","2001-07-13 00:00:00","2001-07-08 00:00:00",5,0,SO43689,PO5626159507,10-4020-000166,166,186,277,4,578,578,5,13054,98228Vi67566,NULL,40893.6775,3271.4942,1022.3419,45187.5136,NULL,...,"2001-07-08 00:00:00"
43690,1,"2001-07-01 00:00:00","2001-07-13 00:00:00","2001-07-08 00:00:00",5,0,SO43690,PO6235146326,10-4020-000431,431,51,275,3,801,801,5,2337,28321Vi12181,NULL,1552.5332,124.2027,38.8133,1715.5492,NULL,...,"2001-07-08 00:00:00"
43691,1,"2001-07-01 00:00:00","2001-07-13 00:00:00","2001-07-08 00:00:00",5,0,SO43691,PO6409111675,10-4020-000292,292,103,277,4,592,592,5,242,28360Vi1235,NULL,1049.7528,83.9802,26.2438,1159.9768,NULL,...,"2001-07-08 00:00:00"
43692,1,"2001-07-01 00:00:00","2001-07-13 00:00:00","2001-07-08 00:00:00",5,0,SO43692,PO7859187017,10-4020-000221,221,562,281,4,1024,1024,5,7176,108529Vi37251,NULL,46204.9742,3696.3979,1155.1244,51056.4965,NULL,...,"2001-07-08 00:00:00"
43693,1,"2001-07-01 00:00:00","2001-07-13 00:00:00","2001-07-08 00:00:00",5,0,SO43693,PO8120182325,10-4020-000485,485,8,275,5,807,807,5,8937,128548Vi46064,NULL,24619.4551,1969.5564,615.4864,27204.4979,NULL,...,"2001-07-08 00:00:00"
43694,1,"2001-07-01 00:00:00","2001-07-13 00:00:00","2001-07-08 00:00:00",5,0,SO43694,PO9657130250,10-4020-000315,315,75,279,5,943,943,5,7083,118748Vi36747,NULL,24729.0707,1978.3257,618.2268,27325.6232,NULL,...,"2001-07-08 00:00:00"
43695,1,"2001-07-01 00:00:00","2001-07-13 00:00:00","2001-07-08 00:00:00",5,0,SO43695,PO10179176559,10-4020-000027,27,524,279,5,911,911,5,10163,128786Vi52413,NULL,47343.2903,3787.4632,1183.5823,52314.3358,NULL,...,"2001-07-08 00:00:00"
43696,1,"2001-07-01 00:00:00","2001-07-13 00:00:00","2001-07-08 00:00:00",5,0,SO43696,PO9947131800,10-4020-000603,603,403,279,5,977,977,5,1402,98787Vi7192,NULL,503.3507,40.2681,12.5838,556.2026,NULL,...,"2001-07-08 00:00:00"
43697,1,"2001-07-01 00:00:00","2001-07-13 00:00:00","2001-07-08 00:00:00",5,1,SO43697,NULL,10-4030-021768,21768,13278,NULL,6,23148,23148,1,4319,530200Vi22686,4,3578.27,286.2616,89.4568,3953.9884,NULL,...,"2001-07-08 00:00:00"
43698,1,"2001-07-01 00:00:00","2001-07-13 00:00:00","2001-07-08 00:00:00",5,1,SO43698,NULL,10-4030-028389,28389,14719,NULL,7,24593,24593,1,16625,1231736Vi86048,8,3399.99,271.9992,84.9998,3756.989,NULL,...,"2001-07-08 00:00:00"
43699,1,"2001-07-01 00:00:00","2001-07-13 00:00:00","2001-07-08 00:00:00",5,1,SO43699,NULL,10-4030-025863,25863,9753,NULL,1,19613,19613,1,5796,333376Vi30244,NULL,3399.99,271.9992,84.9998,3756.989,NULL,...,"2001-07-08 00:00:00"
43700,1,"2001-07-01 00:00:00","2001-07-13 00:00:00","2001-07-08 00:00:00",5,1,SO43700,NULL,10-4030-014501,14501,10411,NULL,4,20278,20278,1,12860,733791Vi66509,NULL,699.0982,55.9279,17.4775,772.5036,NULL,...,"2001-07-08 00:00:00"
43701,1,"2001-07-01 00:00:00","2001-07-13 00:00:00","2001-07-08 00:00:00",5,1,SO43701,NULL,10-4030-011003,11003,10558,NULL,9,20425,20425,1,11150,335093Vi57504,2,3399.99,271.9992,84.9998,3756.989,NULL,...,"2001-07-08 00:00:00"
43702,1,"2001-07-02 00:00:00","2001-07-14 00:00:00","2001-07-09 00:00:00",5,1,SO43702,NULL,10-4030-027645,27645,12714,NULL,4,22584,22584,1,8087,1230194Vi41919,NULL,3578.27,286.2616,89.4568,3953.9884,NULL,...,"2001-07-09 00:00:00"
43703,1,"2001-07-02 00:00:00","2001-07-14 00:00:00","2001-07-09 00:00:00",5,1,SO43703,NULL,10-4030-016624,16624,14097,NULL,9,23967,23967,1,9497,1234632Vi48985,15,3578.27,286.2616,89.4568,3953.9884,NULL,...,"2001-07-09 00:00:00"
43704,1,"2001-07-02 00:00:00","2001-07-14 00:00:00","2001-07-09 00:00:00",5,1,SO43704,NULL,10-4030-011005,11005,6190,NULL,9,16025,16025,1,1988,835095Vi10342,15,3374.99,269.9992,84.3748,3729.364,NULL,...,"2001-07-09 00:00:00"
43705,1,"2001-07-02 00:00:00","2001-07-14 00:00:00","2001-07-09 00:00:00",5,1,SO43705,NULL,10-4030-011011,11011,17458,NULL,9,27345,27345,1,7205,1035101Vi37381,15,3399.99,271.9992,84.9998,3756.989,NULL,...,"2001-07-09 00:00:00"
43706,1,"2001-07-03 00:00:00","2001-07-15 00:00:00","2001-07-10 00:00:00",5,1,SO43706,NULL,10-4030-027621,27621,3429,NULL,4,13264,13264,1,10912,230189Vi56258,NULL,3578.27,286.2616,89.4568,3953.9884,NULL,...,"2001-07-10 00:00:00"
43707,1,"2001-07-03 00:00:00","2001-07-15 00:00:00","2001-07-10 00:00:00",5,1,SO43707,NULL,10-4030-027616,27616,11053,NULL,4,20923,20923,1,19069,230298Vi99064,NULL,3578.27,286.2616,89.4568,3953.9884,NULL,...,"2001-07-10 00:00:00"
43708,1,"2001-07-03 00:00:00","2001-07-15 00:00:00","2001-07-10 00:00:00",5,1,SO43708,NULL,10-4030-020042,20042,8574,NULL,10,18427,18427,1,4369,130402Vi22912,35,699.0982,55.9279,17.4775,772.5036,NULL,...,"2001-07-10 00:00:00"
43709,1,"2001-07-03 00:00:00","2001-07-15 00:00:00","2001-07-10 00:00:00",5,1,SO43709,NULL,10-4030-016351,16351,4116,NULL,9,13951,13951,1,15524,1034602Vi80214,28,3578.27,286.2616,89.4568,3953.9884,NULL,...,"2001-07-10 00:00:00"
43710,1,"2001-07-03 00:00:00","2001-07-15 00:00:00","2001-07-10 00:00:00",5,1,SO43710,NULL,10-4030-016517,16517,15562,NULL,9,25446,25446,1,5764,1134614Vi30135,28,3578.27,286.2616,89.4568,3953.9884,NULL,...,"2001-07-10 00:00:00"
43711,1,"2001-07-04 00:00:00","2001-07-16 00:00:00","2001-07-11 00:00:00",5,1,SO43711,NULL,10-4030-027606,27606,8551,NULL,1,18404,18404,1,3043,430293Vi16007,NULL,3578.27,286.2616,89.4568,3953.9884,NULL,...,"2001-07-11 00:00:00"
43712,1,"2001-07-04 00:00:00","2001-07-16 00:00:00","2001-07-11 00:00:00",5,1,SO43712,NULL,10-4030-013513,13513,11997,NULL,8,21867,21867,1,6213,1231128Vi32292,45,3578.27,286.2616,89.4568,3953.9884,NULL,...,"2001-07-11 00:00:00"
43713,1,"2001-07-05 00:00:00","2001-07-17 00:00:00","2001-07-12 00:00:00",5,1,SO43713,NULL,10-4030-027601,27601,2035,NULL,4,11855,11855,1,16570,830288Vi85808,NULL,3578.27,286.2616,89.4568,3953.9884,NULL,...,"2001-07-12 00:00:00"
43714,1,"2001-07-05 00:00:00","2001-07-17 00:00:00","2001-07-12 00:00:00",5,1,SO43714,NULL,10-4030-013591,13591,5334,NULL,10,15169,15169,1,15963,1031124Vi82522,61,3578.27,286.2616,89.4568,3953.9884,NULL,...,"2001-07-12 00:00:00"
43715,1,"2001-07-05 00:00:00","2001-07-17 00:00:00","2001-07-12 00:00:00",5,1,SO43715,NULL,10-4030-016483,16483,18322,NULL,9,28213,28213,1,7985,1134605Vi41375,54,3578.27,286.2616,89.4568,3953.9884,NULL,...,"2001-07-12 00:00:00"
43716,1,"2001-07-05 00:00:00","2001-07-17 00:00:00","2001-07-12 00:00:00",5,1,SO43716,NULL,10-4030-016529,16529,13687,NULL,9,23557,23557,1,5873,534626Vi30635,54,3578.27,286.2616,89.4568,3953.9884,NULL,...,"2001-07-12 00:00:00"
43717,1,"2001-07-05 00:00:00","2001-07-17 00:00:00","2001-07-12 00:00:00",5,1,SO43717,NULL,10-4030-025249,25249,1989,NULL,9,11809,11809,1,5700,1235425Vi29858,54,699.0982,55.9279,17.4775,772.5036,NULL,...,"2001-07-12 00:00:00"
43718,1,"2001-07-06 00:00:00","2001-07-18 00:00:00","2001-07-13 00:00:00",5,1,SO43718,NULL,10-4030-027668,27668,15462,NULL,1,25346,25346,1,3049,530203Vi16052,NULL,3578.27,286.2616,89.4568,3953.9884,NULL,...,"2001-07-13 00:00:00"
43719,1,"2001-07-06 00:00:00","2001-07-18 00:00:00","2001-07-13 00:00:00",5,1,SO43719,NULL,10-4030-027612,27612,4019,NULL,4,13854,13854,1,5998,1130295Vi31203,NULL,3578.27,286.2616,89.4568,3953.9884,NULL,...,"2001-07-13 00:00:00"
43720,1,"2001-07-06 00:00:00","2001-07-18 00:00:00","2001-07-13 00:00:00",5,1,SO43720,NULL,10-4030-013264,13264,8731,NULL,8,18584,18584,1,2765,831105Vi14399,71,3578.27,286.2616,89.4568,3953.9884,NULL,...,"2001-07-13 00:00:00"
43721,1,"2001-07-06 00:00:00","2001-07-18 00:00:00","2001-07-13 00:00:00",5,1,SO43721,NULL,10-4030-013590,13590,12276,NULL,10,22146,22146,1,11950,331111Vi61776,74,3578.27,286.2616,89.4568,3953.9884,NULL,...,"2001-07-13 00:00:00"
43722,1,"2001-07-07 00:00:00","2001-07-19 00:00:00","2001-07-14 00:00:00",5,1,SO43722,NULL,10-4030-013581,13581,14120,NULL,10,23990,23990,1,12191,331099Vi63048,87,3578.27,286.2616,89.4568,3953.9884,NULL,...,"2001-07-14 00:00:00"
43723,1,"2001-07-07 00:00:00","2001-07-19 00:00:00","2001-07-14 00:00:00",5,1,SO43723,NULL,10-4030-014520,14520,2879,NULL,1,12708,12708,1,16949,833793Vi87871,NULL,699.0982,55.9279,17.4775,772.5036,NULL,...,"2001-07-14 00:00:00"
43724,1,"2001-07-07 00:00:00","2001-07-19 00:00:00","2001-07-14 00:00:00",5,1,SO43724,NULL,10-4030-016520,16520,15688,NULL,9,25572,25572,1,6336,834617Vi32891,80,3578.27,286.2616,89.4568,3953.9884,NULL,...,"2001-07-14 00:00:00"
43725,1,"2001-07-08 00:00:00","2001-07-20 00:00:00","2001-07-15 00:00:00",5,1,SO43725,NULL,10-4030-013258,13258,13574,NULL,8,23444,23444,1,6640,832136Vi34578,97,3578.27,286.2616,89.4568,3953.9884,NULL,...,"2001-07-15 00:00:00"
43726,1,"2001-07-08 00:00:00","2001-07-20 00:00:00","2001-07-15 00:00:00",5,1,SO43726,NULL,10-4030-014560,14560,16103,NULL,4,25989,25989,1,8533,533796Vi44130,NULL,699.0982,55.9279,17.4775,772.5036,NULL,...,"2001-07-15 00:00:00"
43727,1,"2001-07-08 00:00:00","2001-07-20 00:00:00","2001-07-15 00:00:00",5,1,SO43727,NULL,10-4030-016607,16607,5667,NULL,9,15502,15502,1,11407,834627Vi58835,93,3578.27,286.2616,89.4568,3953.9884,NULL,...,"2001-07-15 00:00:00"
43728,1,"2001-07-09 00:00:00","2001-07-21 00:00:00","2001-07-16 00:00:00",5,1,SO43728,NULL,10-4030-027666,27666,10749,NULL,4,20616,20616,1,15630,130201Vi80748,NULL,3578.27,286.2616,89.4568,3953.9884,NULL,...,"2001-07-16 00:00:00"
43729,1,"2001-07-09 00:00:00","2001-07-21 00:00:00","2001-07-16 00:00:00",5,1,SO43729,NULL,10-4030-011238,11238,2592,NULL,10,12420,12420,1,2636,831735Vi13701,113,3399.99,271.9992,84.9998,3756.989,NULL,...,"2001-07-16 00:00:00"
43730,1,"2001-07-09 00:00:00","2001-07-21 00:00:00","2001-07-16 00:00:00",5,1,SO43730,NULL,10-4030-025861,25861,13863,NULL,4,23733,23733,1,13323,333375Vi69103,NULL,3399.99,271.9992,84.9998,3756.989,NULL,...,"2001-07-16 00:00:00"
43731,1,"2001-07-09 00:00:00","2001-07-21 00:00:00","2001-07-16 00:00:00",5,1,SO43731,NULL,10-4030-016629,16629,4184,NULL,9,14019,14019,1,14302,834633Vi74142,106,3578.27,286.2616,89.4568,3953.9884,NULL,...,"2001-07-16 00:00:00"
43732,1,"2001-07-09 00:00:00","2001-07-21 00:00:00","2001-07-16 00:00:00",5,1,SO43732,NULL,10-4030-011025,11025,11765,NULL,9,21635,21635,1,10882,1235104Vi56140,106,3374.99,269.9992,84.3748,3729.364,NULL,...,"2001-07-16 00:00:00"
43733,1,"2001-07-09 00:00:00","2001-07-21 00:00:00","2001-07-16 00:00:00",5,1,SO43733,NULL,10-4030-027577,27577,14698,NULL,1,24572,24572,1,10600,135716Vi54667,NULL,3578.27,286.2616,89.4568,3953.9884,NULL,...,"2001-07-16 00:00:00"
43734,1,"2001-07-10 00:00:00","2001-07-22 00:00:00","2001-07-17 00:00:00",5,1,SO43734,NULL,10-4030-027604,27604,13354,NULL,1,23224,23224,1,15365,330290Vi79368,NULL,3578.27,286.2616,89.4568,3953.9884,NULL,...,"2001-07-17 00:00:00"
43735,1,"2001-07-10 00:00:00","2001-07-22 00:00:00","2001-07-17 00:00:00",5,1,SO43735,NULL,10-4030-016522,16522,15500,NULL,9,25384,25384,1,6526,1034619Vi33896,119,3578.27,286.2616,89.4568,3953.9884,NULL,...,"2001-07-17 00:00:00"
43736,1,"2001-07-10 00:00:00","2001-07-22 00:00:00","2001-07-17 00:00:00",5,1,SO43736,NULL,10-4030-011002,11002,10469,NULL,9,20336,20336,1,1416,1135092Vi7270,119,3399.99,271.9992,84.9998,3756.989,NULL,...,"2001-07-17 00:00:00"
43737,1,"2001-07-11 00:00:00","2001-07-23 00:00:00","2001-07-18 00:00:00",5,1,SO43737,NULL,10-4030-013261,13261,19866,NULL,8,29772,29772,1,NULL,NULL,136,3578.27,286.2616,89.4568,3953.9884,NULL,...,"2001-07-18 00:00:00"
43738,1,"2001-07-11 00:00:00","2001-07-23 00:00:00","2001-07-18 00:00:00",5,1,SO43738,NULL,10-4030-011606,11606,16281,NULL,7,26167,26167,1,12005,631125Vi62053,138,3578.27,286.2616,89.4568,3953.9884,NULL,...,"2001-07-18 00:00:00"
43739,1,"2001-07-11 00:00:00","2001-07-23 00:00:00","2001-07-18 00:00:00",5,1,SO43739,NULL,10-4030-013563,13563,19358,NULL,10,29262,29262,1,NULL,NULL,139,3578.27,286.2616,89.4568,3953.9884,NULL,...,"2001-07-18 00:00:00"
43740,1,"2001-07-11 00:00:00","2001-07-23 00:00:00","2001-07-18 00:00:00",5,1,SO43740,NULL,10-4030-016527,16527,18528,NULL,9,28420,28420,1,18137,834624Vi94036,132,3578.27,286.2616,89.4568,3953.9884,NULL,...,"2001-07-18 00:00:00"
43741,1,"2001-07-12 00:00:00","2001-07-24 00:00:00","2001-07-19 00:00:00",5,1,SO43741,NULL,10-4030-027671,27671,3203,NULL,1,13036,13036,1,4679,530206Vi24524,NULL,3578.27,286.2616,89.4568,3953.9884,NULL,...,"2001-07-19 00:00:00"
43742,1,"2001-07-12 00:00:00","2001-07-24 00:00:00","2001-07-19 00:00:00",5,1,SO43742,NULL,10-4030-013576,13576,11096,NULL,10,20966,20966,1,17254,932138Vi89574,152,3578.27,286.2616,89.4568,3953.9884,NULL,...,"2001-07-19 00:00:00"
43743,1,"2001-07-12 00:00:00","2001-07-24 00:00:00","2001-07-19 00:00:00",5,1,SO43743,NULL,10-4030-011007,11007,3078,NULL,9,12909,12909,1,1546,1235097Vi7903,145,3399.99,271.9992,84.9998,3756.989,NULL,...,"2001-07-19 00:00:00"
43744,1,"2001-07-12 00:00:00","2001-07-24 00:00:00","2001-07-19 00:00:00",5,1,SO43744,NULL,10-4030-016631,16631,2595,NULL,9,12423,12423,1,12980,635648Vi67147,145,3578.27,286.2616,89.4568,3953.9884,NULL,...,"2001-07-19 00:00:00"
43745,1,"2001-07-13 00:00:00","2001-07-25 00:00:00","2001-07-20 00:00:00",5,1,SO43745,NULL,10-4030-016514,16514,15140,NULL,9,25018,25018,1,9626,634611Vi49589,158,3578.27,286.2616,89.4568,3953.9884,NULL,...,"2001-07-20 00:00:00"
43746,1,"2001-07-13 00:00:00","2001-07-25 00:00:00","2001-07-20 00:00:00",5,1,SO43746,NULL,10-4030-016616,16616,18323,NULL,9,28214,28214,1,5138,434629Vi26884,158,3578.27,286.2616,89.4568,3953.9884,NULL,...,"2001-07-20 00:00:00"
43747,1,"2001-07-14 00:00:00","2001-07-26 00:00:00","2001-07-21 00:00:00",5,1,SO43747,NULL,10-4030-027623,27623,17354,NULL,4,27241,27241,1,16044,1230190Vi82952,NULL,3578.27,286.2616,89.4568,3953.9884,NULL,...,"2001-07-21 00:00:00"
43748,1,"2001-07-14 00:00:00","2001-07-26 00:00:00","2001-07-21 00:00:00",5,1,SO43748,NULL,10-4030-027625,27625,6820,NULL,1,16663,16663,1,14948,430191Vi77442,NULL,3578.27,286.2616,89.4568,3953.9884,NULL,...,"2001-07-21 00:00:00"
43749,1,"2001-07-14 00:00:00","2001-07-26 00:00:00","2001-07-21 00:00:00",5,1,SO43749,NULL,10-4030-027636,27636,8025,NULL,1,17878,17878,1,12504,130192Vi64692,NULL,3578.27,286.2616,89.4568,3953.9884,NULL,...,"2001-07-21 00:00:00"
43750,1,"2001-07-14 00:00:00","2001-07-26 00:00:00","2001-07-21 00:00:00",5,1,SO43750,NULL,10-4030-011591,11591,16808,NULL,7,26694,26694,1,15541,1131100Vi80273,177,3578.27,286.2616,89.4568,3953.9884,NULL,...,"2001-07-21 00:00:00"
43751,1,"2001-07-14 00:00:00","2001-07-26 00:00:00","2001-07-21 00:00:00",5,1,SO43751,NULL,10-4030-011592,11592,7568,NULL,7,17421,17421,1,711,331101Vi3645,177,3578.27,286.2616,89.4568,3953.9884,NULL,...,"2001-07-21 00:00:00"
43752,1,"2001-07-14 00:00:00","2001-07-26 00:00:00","2001-07-21 00:00:00",5,1,SO43752,NULL,10-4030-013265,13265,16084,NULL,8,25970,25970,1,2736,731107Vi14233,175,3578.27,286.2616,89.4568,3953.9884,NULL,...,"2001-07-21 00:00:00"
43753,1,"2001-07-14 00:00:00","2001-07-26 00:00:00","2001-07-21 00:00:00",5,1,SO43753,NULL,10-4030-016482,16482,9575,NULL,9,19434,19434,1,7588,734604Vi39312,171,3578.27,286.2616,89.4568,3953.9884,NULL,...,"2001-07-21 00:00:00"
43754,1,"2001-07-15 00:00:00","2001-07-27 00:00:00","2001-07-22 00:00:00",5,1,SO43754,NULL,10-4030-027617,27617,8846,NULL,1,18700,18700,1,9734,630188Vi50171,NULL,3578.27,286.2616,89.4568,3953.9884,NULL,...,"2001-07-22 00:00:00"
43755,1,"2001-07-15 00:00:00","2001-07-27 00:00:00","2001-07-22 00:00:00",5,1,SO43755,NULL,10-4030-027670,27670,11915,NULL,4,21785,21785,1,14614,1030205Vi75785,NULL,3578.27,286.2616,89.4568,3953.9884,NULL,...,"2001-07-22 00:00:00"
43756,1,"2001-07-15 00:00:00","2001-07-27 00:00:00","2001-07-22 00:00:00",5,1,SO43756,NULL,10-4030-019941,19941,2736,NULL,10,12565,12565,1,9528,830399Vi49119,191,699.0982,55.9279,17.4775,772.5036,NULL,...,"2001-07-22 00:00:00"
43757,1,"2001-07-15 00:00:00","2001-07-27 00:00:00","2001-07-22 00:00:00",5,1,SO43757,NULL,10-4030-011017,11017,1721,NULL,9,11541,11541,1,12801,635102Vi66203,184,3374.99,269.9992,84.3748,3729.364,NULL,...,"2001-07-22 00:00:00"
43758,1,"2001-07-16 00:00:00","2001-07-28 00:00:00","2001-07-23 00:00:00",5,1,SO43758,NULL,10-4030-027646,27646,4565,NULL,4,14400,14400,1,17093,1230195Vi88773,NULL,3578.27,286.2616,89.4568,3953.9884,NULL,...,"2001-07-23 00:00:00"
43759,1,"2001-07-16 00:00:00","2001-07-28 00:00:00","2001-07-23 00:00:00",5,1,SO43759,NULL,10-4030-013257,13257,11646,NULL,8,21516,21516,1,11314,132135Vi58334,201,3578.27,286.2616,89.4568,3953.9884,NULL,...,"2001-07-23 00:00:00"
43760,1,"2001-07-16 00:00:00","2001-07-28 00:00:00","2001-07-23 00:00:00",5,1,SO43760,NULL,10-4030-016352,16352,1874,NULL,9,11694,11694,1,7485,234603Vi38778,197,3578.27,286.2616,89.4568,3953.9884,NULL,...,"2001-07-23 00:00:00"
43761,1,"2001-07-16 00:00:00","2001-07-28 00:00:00","2001-07-23 00:00:00",5,1,SO43761,NULL,10-4030-016493,16493,14577,NULL,9,24449,24449,1,11678,434607Vi60395,197,3578.27,286.2616,89.4568,3953.9884,NULL,...,"2001-07-23 00:00:00"
43762,1,"2001-07-17 00:00:00","2001-07-29 00:00:00","2001-07-24 00:00:00",5,1,SO43762,NULL,10-4030-027578,27578,9155,NULL,4,19011,19011,1,4503,930287Vi23588,NULL,3578.27,286.2616,89.4568,3953.9884,NULL,...,"2001-07-24 00:00:00"
43763,1,"2001-07-17 00:00:00","2001-07-29 00:00:00","2001-07-24 00:00:00",5,1,SO43763,NULL,10-4030-016525,16525,4126,NULL,9,13961,13961,1,17110,934622Vi88860,210,3578.27,286.2616,89.4568,3953.9884,NULL,...,"2001-07-24 00:00:00"
43764,1,"2001-07-17 00:00:00","2001-07-29 00:00:00","2001-07-24 00:00:00",5,1,SO43764,NULL,10-4030-016612,16612,8886,NULL,9,18740,18740,1,10644,334628Vi54854,210,3578.27,286.2616,89.4568,3953.9884,NULL,...,"2001-07-24 00:00:00"
43765,1,"2001-07-17 00:00:00","2001-07-29 00:00:00","2001-07-24 00:00:00",5,1,SO43765,NULL,10-4030-011010,11010,5577,NULL,9,15412,15412,1,10245,535100Vi52885,210,3399.99,271.9992,84.9998,3756.989,NULL,...,"2001-07-24 00:00:00"
43766,1,"2001-07-18 00:00:00","2001-07-30 00:00:00","2001-07-25 00:00:00",5,1,SO43766,NULL,10-4030-016518,16518,16560,NULL,9,26446,26446,1,10469,834615Vi53986,223,3578.27,286.2616,89.4568,3953.9884,NULL,...,"2001-07-25 00:00:00"
43767,1,"2001-07-18 00:00:00","2001-07-30 00:00:00","2001-07-25 00:00:00",5,1,SO43767,NULL,10-4030-011001,11001,4654,NULL,9,14489,14489,1,8810,235091Vi45462,223,3374.99,269.9992,84.3748,3729.364,NULL,...,"2001-07-25 00:00:00"
43768,1,"2001-07-19 00:00:00","2001-07-31 00:00:00","2001-07-26 00:00:00",5,1,SO43768,NULL,10-4030-027649,27649,14339,NULL,1,24209,24209,1,18040,830196Vi93642,NULL,3578.27,286.2616,89.4568,3953.9884,NULL,...,"2001-07-26 00:00:00"
43769,1,"2001-07-19 00:00:00","2001-07-31 00:00:00","2001-07-26 00:00:00",5,1,SO43769,NULL,10-4030-021659,21659,2538,NULL,6,12365,12365,1,7388,1030286Vi38309,238,3578.27,286.2616,89.4568,3953.9884,NULL,...,"2001-07-26 00:00:00"
43770,1,"2001-07-19 00:00:00","2001-07-31 00:00:00","2001-07-26 00:00:00",5,1,SO43770,NULL,10-4030-027614,27614,11169,NULL,1,21039,21039,1,16136,230296Vi83473,NULL,3578.27,286.2616,89.4568,3953.9884,NULL,...,"2001-07-26 00:00:00"
43771,1,"2001-07-19 00:00:00","2001-07-31 00:00:00","2001-07-26 00:00:00",5,1,SO43771,NULL,10-4030-014559,14559,11787,NULL,4,21657,21657,1,16934,633795Vi87782,NULL,699.0982,55.9279,17.4775,772.5036,NULL,...,"2001-07-26 00:00:00"
43772,1,"2001-07-19 00:00:00","2001-07-31 00:00:00","2001-07-26 00:00:00",5,1,SO43772,NULL,10-4030-016524,16524,5865,NULL,9,15700,15700,1,12834,334621Vi66368,236,3578.27,286.2616,89.4568,3953.9884,NULL,...,"2001-07-26 00:00:00"
43773,1,"2001-07-19 00:00:00","2001-07-31 00:00:00","2001-07-26 00:00:00",5,1,SO43773,NULL,10-4030-016526,16526,10134,NULL,9,19998,19998,1,19057,534623Vi99022,236,3578.27,286.2616,89.4568,3953.9884,NULL,...,"2001-07-26 00:00:00"
43774,1,"2001-07-19 00:00:00","2001-07-31 00:00:00","2001-07-26 00:00:00",5,1,SO43774,NULL,10-4030-016348,16348,10318,NULL,9,20184,20184,1,1311,434719Vi6675,236,3578.27,286.2616,89.4568,3953.9884,NULL,...,"2001-07-26 00:00:00"
43775,1,"2001-07-19 00:00:00","2001-07-31 00:00:00","2001-07-26 00:00:00",5,1,SO43775,NULL,10-4030-011027,11027,4726,NULL,9,14561,14561,1,6918,535106Vi36020,236,3399.99,271.9992,84.9998,3756.989,NULL,...,"2001-07-26 00:00:00"
43776,1,"2001-07-20 00:00:00","2001-08-01 00:00:00","2001-07-27 00:00:00",5,1,SO43776,NULL,10-4030-013260,13260,5567,NULL,8,15402,15402,1,10653,1231103Vi54892,253,3578.27,286.2616,89.4568,3953.9884,NULL,...,"2001-07-27 00:00:00"
43777,1,"2001-07-20 00:00:00","2001-08-01 00:00:00","2001-07-27 00:00:00",5,1,SO43777,NULL,10-4030-016515,16515,14998,NULL,9,24873,24873,1,1850,734612Vi9613,249,3578.27,286.2616,89.4568,3953.9884,NULL,...,"2001-07-27 00:00:00"
43778,1,"2001-07-20 00:00:00","2001-08-01 00:00:00","2001-07-27 00:00:00",5,1,SO43778,NULL,10-4030-011018,11018,6594,NULL,9,16433,16433,1,9930,735103Vi51096,249,3399.99,271.9992,84.9998,3756.989,NULL,...,"2001-07-27 00:00:00"
43779,1,"2001-07-20 00:00:00","2001-08-01 00:00:00","2001-07-27 00:00:00",5,1,SO43779,NULL,10-4030-025252,25252,10981,NULL,9,20850,20850,1,6901,235427Vi35948,249,699.0982,55.9279,17.4775,772.5036,NULL,...,"2001-07-27 00:00:00"
43780,1,"2001-07-21 00:00:00","2001-08-02 00:00:00","2001-07-28 00:00:00",5,1,SO43780,NULL,10-4030-011599,11599,15964,NULL,7,25850,25850,1,17097,131108Vi88806,268,3578.27,286.2616,89.4568,3953.9884,NULL,...,"2001-07-28 00:00:00"
43781,1,"2001-07-21 00:00:00","2001-08-02 00:00:00","2001-07-28 00:00:00",5,1,SO43781,NULL,10-4030-016495,16495,12987,NULL,9,22857,22857,1,5269,634609Vi27549,262,3578.27,286.2616,89.4568,3953.9884,NULL,...,"2001-07-28 00:00:00"
43782,1,"2001-07-21 00:00:00","2001-08-02 00:00:00","2001-07-28 00:00:00",5,1,SO43782,NULL,10-4030-016516,16516,3551,NULL,9,13386,13386,1,9916,1034613Vi51017,262,3578.27,286.2616,89.4568,3953.9884,NULL,...,"2001-07-28 00:00:00"
43783,1,"2001-07-21 00:00:00","2001-08-02 00:00:00","2001-07-28 00:00:00",5,1,SO43783,NULL,10-4030-016620,16620,16715,NULL,9,26601,26601,1,4651,934630Vi24399,262,3578.27,286.2616,89.4568,3953.9884,NULL,...,"2001-07-28 00:00:00"
43784,1,"2001-07-22 00:00:00","2001-08-03 00:00:00","2001-07-29 00:00:00",5,1,SO43784,NULL,10-4030-027667,27667,2662,NULL,4,12491,12491,1,15794,1030202Vi81657,NULL,3578.27,286.2616,89.4568,3953.9884,NULL,...,"2001-07-29 00:00:00"
43785,1,"2001-07-22 00:00:00","2001-08-03 00:00:00","2001-07-29 00:00:00",5,1,SO43785,NULL,10-4030-011601,11601,7385,NULL,7,17236,17236,1,3584,931114Vi18886,281,3578.27,286.2616,89.4568,3953.9884,NULL,...,"2001-07-29 00:00:00"
43786,1,"2001-07-22 00:00:00","2001-08-03 00:00:00","2001-07-29 00:00:00",5,1,SO43786,NULL,10-4030-011607,11607,13813,NULL,7,23683,23683,1,12315,931126Vi63695,281,3578.27,286.2616,89.4568,3953.9884,NULL,...,"2001-07-29 00:00:00"
43787,1,"2001-07-22 00:00:00","2001-08-03 00:00:00","2001-07-29 00:00:00",5,1,SO43787,NULL,10-4030-029385,29385,19442,NULL,8,29348,29348,1,NULL,NULL,279,3399.99,271.9992,84.9998,3756.989,NULL,...,"2001-07-29 00:00:00"
43788,1,"2001-07-22 00:00:00","2001-08-03 00:00:00","2001-07-29 00:00:00",5,1,SO43788,NULL,10-4030-011239,11239,15605,NULL,10,25489,25489,1,2999,431737Vi15728,282,3374.99,269.9992,84.3748,3729.364,NULL,...,"2001-07-29 00:00:00"
43789,1,"2001-07-22 00:00:00","2001-08-03 00:00:00","2001-07-29 00:00:00",5,1,SO43789,NULL,10-4030-025865,25865,12080,NULL,1,21950,21950,1,13143,133257Vi68106,NULL,3374.99,269.9992,84.3748,3729.364,NULL,...,"2001-07-29 00:00:00"
43790,1,"2001-07-22 00:00:00","2001-08-03 00:00:00","2001-07-29 00:00:00",5,1,SO43790,NULL,10-4030-025857,25857,12001,NULL,1,21871,21871,1,2574,733374Vi13410,NULL,3399.99,271.9992,84.9998,3756.989,NULL,...,"2001-07-29 00:00:00"
43791,1,"2001-07-22 00:00:00","2001-08-03 00:00:00","2001-07-29 00:00:00",5,1,SO43791,NULL,10-4030-016484,16484,1760,NULL,9,11580,11580,1,2480,534606Vi12914,275,3578.27,286.2616,89.4568,3953.9884,NULL,...,"2001-07-29 00:00:00"
43792,1,"2001-07-22 00:00:00","2001-08-03 00:00:00","2001-07-29 00:00:00",5,1,SO43792,NULL,10-4030-016623,16623,4270,NULL,9,14105,14105,1,3696,334631Vi19512,275,3578.27,286.2616,89.4568,3953.9884,NULL,...,"2001-07-29 00:00:00"
43793,1,"2001-07-22 00:00:00","2001-08-03 00:00:00","2001-07-29 00:00:00",5,1,SO43793,NULL,10-4030-011000,11000,12731,NULL,9,22601,22601,1,11981,735090Vi61907,275,3399.99,271.9992,84.9998,3756.989,NULL,...,"2001-07-29 00:00:00"
43794,1,"2001-07-22 00:00:00","2001-08-03 00:00:00","2001-07-29 00:00:00",5,1,SO43794,NULL,10-4030-011029,11029,14838,NULL,9,24713,24713,1,103,735108Vi576,275,3399.99,271.9992,84.9998,3756.989,NULL,...,"2001-07-29 00:00:00"
43795,1,"2001-07-23 00:00:00","2001-08-04 00:00:00","2001-07-30 00:00:00",5,1,SO43795,NULL,10-4030-027615,27615,2464,NULL,4,12290,12290,1,10180,330297Vi52533,NULL,3578.27,286.2616,89.4568,3953.9884,NULL,...,"2001-07-30 00:00:00"
43796,1,"2001-07-23 00:00:00","2001-08-04 00:00:00","2001-07-30 00:00:00",5,1,SO43796,NULL,10-4030-017956,17956,2040,NULL,7,11860,11860,1,14408,630398Vi74678,294,699.0982,55.9279,17.4775,772.5036,NULL,...,"2001-07-30 00:00:00"
43797,1,"2001-07-23 00:00:00","2001-08-04 00:00:00","2001-07-30 00:00:00",5,1,SO43797,NULL,10-4030-016345,16345,1758,NULL,9,11578,11578,1,3803,533967Vi20009,288,3578.27,286.2616,89.4568,3953.9884,NULL,...,"2001-07-30 00:00:00"
43798,1,"2001-07-23 00:00:00","2001-08-04 00:00:00","2001-07-30 00:00:00",5,1,SO43798,NULL,10-4030-016521,16521,7640,NULL,9,17493,17493,1,15729,434618Vi81298,288,3578.27,286.2616,89.4568,3953.9884,NULL,...,"2001-07-30 00:00:00"
43799,1,"2001-07-23 00:00:00","2001-08-04 00:00:00","2001-07-30 00:00:00",5,1,SO43799,NULL,10-4030-016636,16636,13943,NULL,9,23813,23813,1,10936,534635Vi56412,288,3578.27,286.2616,89.4568,3953.9884,NULL,...,"2001-07-30 00:00:00"
43800,1,"2001-07-24 00:00:00","2001-08-05 00:00:00","2001-07-31 00:00:00",5,1,SO43800,NULL,10-4030-021710,21710,6408,NULL,6,16244,16244,1,1500,830289Vi7733,303,3578.27,286.2616,89.4568,3953.9884,NULL,...,"2001-07-31 00:00:00"
43801,1,"2001-07-24 00:00:00","2001-08-05 00:00:00","2001-07-31 00:00:00",5,1,SO43801,NULL,10-4030-013583,13583,12806,NULL,10,22676,22676,1,10067,331102Vi51847,308,3578.27,286.2616,89.4568,3953.9884,NULL,...,"2001-07-31 00:00:00"
43802,1,"2001-07-24 00:00:00","2001-08-05 00:00:00","2001-07-31 00:00:00",5,1,SO43802,NULL,10-4030-011593,11593,6146,NULL,7,15981,15981,1,15557,531106Vi80372,307,3578.27,286.2616,89.4568,3953.9884,NULL,...,"2001-07-31 00:00:00"
43803,1,"2001-07-25 00:00:00","2001-08-06 00:00:00","2001-08-01 00:00:00",5,1,SO43803,NULL,10-4030-021741,21741,7244,NULL,6,17092,17092,1,2467,1230187Vi12850,316,3578.27,286.2616,89.4568,3953.9884,NULL,...,"2001-08-01 00:00:00"
43804,1,"2001-07-25 00:00:00","2001-08-06 00:00:00","2001-08-01 00:00:00",5,1,SO43804,NULL,10-4030-013585,13585,8195,NULL,10,18048,18048,1,13404,731109Vi69430,321,3578.27,286.2616,89.4568,3953.9884,NULL,...,"2001-08-01 00:00:00"
43805,1,"2001-07-25 00:00:00","2001-08-06 00:00:00","2001-08-01 00:00:00",5,1,SO43805,NULL,10-4030-014510,14510,16198,NULL,1,26084,26084,1,7010,433792Vi36450,NULL,699.0982,55.9279,17.4775,772.5036,NULL,...,"2001-08-01 00:00:00"
43806,1,"2001-07-25 00:00:00","2001-08-06 00:00:00","2001-08-01 00:00:00",5,1,SO43806,NULL,10-4030-016523,16523,16849,NULL,9,26735,26735,1,15755,1234620Vi81457,314,3578.27,286.2616,89.4568,3953.9884,NULL,...,"2001-08-01 00:00:00"
43807,1,"2001-07-26 00:00:00","2001-08-07 00:00:00","2001-08-02 00:00:00",5,1,SO43807,NULL,10-4030-011611,11611,5664,NULL,7,15499,15499,1,16891,1231127Vi87546,333,3578.27,286.2616,89.4568,3953.9884,NULL,...,"2001-08-02 00:00:00"
43808,1,"2001-07-26 00:00:00","2001-08-07 00:00:00","2001-08-02 00:00:00",5,1,SO43808,NULL,10-4030-013259,13259,15064,NULL,8,24940,24940,1,10353,932137Vi53430,331,3578.27,286.2616,89.4568,3953.9884,NULL,...,"2001-08-02 00:00:00"
43809,1,"2001-07-26 00:00:00","2001-08-07 00:00:00","2001-08-02 00:00:00",5,1,SO43809,NULL,10-4030-016350,16350,3060,NULL,9,12891,12891,1,14752,134601Vi76444,327,3578.27,286.2616,89.4568,3953.9884,NULL,...,"2001-08-02 00:00:00"
43810,1,"2001-07-26 00:00:00","2001-08-07 00:00:00","2001-08-02 00:00:00",5,1,SO43810,NULL,10-4030-011004,11004,11101,NULL,9,20971,20971,1,12777,835094Vi66068,327,3399.99,271.9992,84.9998,3756.989,NULL,...,"2001-08-02 00:00:00"
43811,1,"2001-07-26 00:00:00","2001-08-07 00:00:00","2001-08-02 00:00:00",5,1,SO43811,NULL,10-4030-011026,11026,2057,NULL,9,11877,11877,1,8888,1235105Vi45830,327,3399.99,271.9992,84.9998,3756.989,NULL,...,"2001-08-02 00:00:00"
43812,1,"2001-07-27 00:00:00","2001-08-08 00:00:00","2001-08-03 00:00:00",5,1,SO43812,NULL,10-4030-027662,27662,4017,NULL,4,13852,13852,1,7442,930198Vi38606,NULL,3578.27,286.2616,89.4568,3953.9884,NULL,...,"2001-08-03 00:00:00"
43813,1,"2001-07-27 00:00:00","2001-08-08 00:00:00","2001-08-03 00:00:00",5,1,SO43813,NULL,10-4030-028390,28390,7052,NULL,7,16896,16896,1,10022,431738Vi51601,346,3374.99,269.9992,84.3748,3729.364,NULL,...,"2001-08-03 00:00:00"
43814,1,"2001-07-27 00:00:00","2001-08-08 00:00:00","2001-08-03 00:00:00",5,1,SO43814,NULL,10-4030-025866,25866,12069,NULL,1,21939,21939,1,1085,833258Vi5404,NULL,3374.99,269.9992,84.3748,3729.364,NULL,...,"2001-08-03 00:00:00"
43815,1,"2001-07-27 00:00:00","2001-08-08 00:00:00","2001-08-03 00:00:00",5,1,SO43815,NULL,10-4030-016494,16494,6080,NULL,9,15915,15915,1,12070,734608Vi62400,340,3578.27,286.2616,89.4568,3953.9884,NULL,...,"2001-08-03 00:00:00"
43816,1,"2001-07-27 00:00:00","2001-08-08 00:00:00","2001-08-03 00:00:00",5,1,SO43816,NULL,10-4030-016496,16496,11407,NULL,9,21277,21277,1,14211,734610Vi73710,340,3578.27,286.2616,89.4568,3953.9884,NULL,...,"2001-08-03 00:00:00"
43817,1,"2001-07-27 00:00:00","2001-08-08 00:00:00","2001-08-03 00:00:00",5,1,SO43817,NULL,10-4030-016519,16519,2845,NULL,9,12674,12674,1,10904,634616Vi56238,340,3578.27,286.2616,89.4568,3953.9884,NULL,...,"2001-08-03 00:00:00"
43818,1,"2001-07-27 00:00:00","2001-08-08 00:00:00","2001-08-03 00:00:00",5,1,SO43818,NULL,10-4030-016528,16528,6698,NULL,9,16539,16539,1,13485,134625Vi69865,340,3578.27,286.2616,89.4568,3953.9884,NULL,...,"2001-08-03 00:00:00"
43819,1,"2001-07-27 00:00:00","2001-08-08 00:00:00","2001-08-03 00:00:00",5,1,SO43819,NULL,10-4030-011006,11006,5429,NULL,9,15264,15264,1,5054,935096Vi26471,340,3399.99,271.9992,84.9998,3756.989,NULL,...,"2001-08-03 00:00:00"
43820,1,"2001-07-28 00:00:00","2001-08-09 00:00:00","2001-08-04 00:00:00",5,1,SO43820,NULL,10-4030-027651,27651,14330,NULL,4,24200,24200,1,12947,330197Vi66982,NULL,3578.27,286.2616,89.4568,3953.9884,NULL,...,"2001-08-04 00:00:00"
43821,1,"2001-07-28 00:00:00","2001-08-09 00:00:00","2001-08-04 00:00:00",5,1,SO43821,NULL,10-4030-027663,27663,14961,NULL,4,24836,24836,1,6912,130199Vi35996,NULL,3578.27,286.2616,89.4568,3953.9884,NULL,...,"2001-08-04 00:00:00"
43822,1,"2001-07-28 00:00:00","2001-08-09 00:00:00","2001-08-04 00:00:00",5,1,SO43822,NULL,10-4030-027669,27669,10155,NULL,4,20019,20019,1,17504,230204Vi90922,NULL,3578.27,286.2616,89.4568,3953.9884,NULL,...,"2001-08-04 00:00:00"
43823,1,"2001-07-28 00:00:00","2001-08-09 00:00:00","2001-08-04 00:00:00",5,1,SO43823,NULL,10-4030-019942,19942,6153,NULL,10,15988,15988,1,7639,830400Vi39580,360,699.0982,55.9279,17.4775,772.5036,NULL,...,"2001-08-04 00:00:00"
43824,1,"2001-07-28 00:00:00","2001-08-09 00:00:00","2001-08-04 00:00:00",5,1,SO43824,NULL,10-4030-014558,14558,1984,NULL,1,11804,11804,1,7138,1233794Vi37022,NULL,699.0982,55.9279,17.4775,772.5036,NULL,...,"2001-08-04 00:00:00"
43825,1,"2001-07-28 00:00:00","2001-08-09 00:00:00","2001-08-04 00:00:00",5,1,SO43825,NULL,10-4030-016349,16349,7110,NULL,9,16955,16955,1,16730,934720Vi86677,353,3578.27,286.2616,89.4568,3953.9884,NULL,...,"2001-08-04 00:00:00"
43826,1,"2001-07-28 00:00:00","2001-08-09 00:00:00","2001-08-04 00:00:00",5,1,SO43826,NULL,10-4030-011008,11008,13873,NULL,9,23743,23743,1,13554,835098Vi70239,353,3374.99,269.9992,84.3748,3729.364,NULL,...,"2001-08-04 00:00:00"
43827,1,"2001-07-28 00:00:00","2001-08-09 00:00:00","2001-08-04 00:00:00",5,1,SO43827,NULL,10-4030-025250,25250,17636,NULL,9,27524,27524,1,7542,335426Vi39058,353,699.0982,55.9279,17.4775,772.5036,NULL,...,"2001-08-04 00:00:00"
43828,1,"2001-07-29 00:00:00","2001-08-10 00:00:00","2001-08-05 00:00:00",5,1,SO43828,NULL,10-4030-027605,27605,3294,NULL,1,13129,13129,1,17303,1030292Vi89856,NULL,3578.27,286.2616,89.4568,3953.9884,NULL,...,"2001-08-05 00:00:00"
43829,1,"2001-07-29 00:00:00","2001-08-10 00:00:00","2001-08-05 00:00:00",5,1,SO43829,NULL,10-4030-027611,27611,14901,NULL,4,24776,24776,1,3742,1030294Vi19725,NULL,3578.27,286.2616,89.4568,3953.9884,NULL,...,"2001-08-05 00:00:00"
43830,1,"2001-07-29 00:00:00","2001-08-10 00:00:00","2001-08-05 00:00:00",5,1,SO43830,NULL,10-4030-016347,16347,8711,NULL,9,18564,18564,1,11691,934718Vi60484,366,3578.27,286.2616,89.4568,3953.9884,NULL,...,"2001-08-05 00:00:00"
43831,1,"2001-07-29 00:00:00","2001-08-10 00:00:00","2001-08-05 00:00:00",5,1,SO43831,NULL,10-4030-011028,11028,14288,NULL,9,24158,24158,1,3749,835107Vi19779,366,3374.99,269.9992,84.3748,3729.364,NULL,...,"2001-08-05 00:00:00"
43832,1,"2001-07-29 00:00:00","2001-08-10 00:00:00","2001-08-05 00:00:00",5,1,SO43832,NULL,10-4030-013584,13584,13967,NULL,10,23837,23837,1,10429,235202Vi53783,373,3578.27,286.2616,89.4568,3953.9884,NULL,...,"2001-08-05 00:00:00"
43833,1,"2001-07-30 00:00:00","2001-08-11 00:00:00","2001-08-06 00:00:00",5,1,SO43833,NULL,10-4030-021727,21727,6909,NULL,6,16752,16752,1,15641,530291Vi80832,381,3578.27,286.2616,89.4568,3953.9884,NULL,...,"2001-08-06 00:00:00"
43834,1,"2001-07-30 00:00:00","2001-08-11 00:00:00","2001-08-06 00:00:00",5,1,SO43834,NULL,10-4030-028393,28393,5636,NULL,7,15471,15471,1,16716,331739Vi86614,385,3374.99,269.9992,84.3748,3729.364,NULL,...,"2001-08-06 00:00:00"
43835,1,"2001-07-30 00:00:00","2001-08-11 00:00:00","2001-08-06 00:00:00",5,1,SO43835,NULL,10-4030-019802,19802,7548,NULL,6,17401,17401,1,2755,933259Vi14346,381,3374.99,269.9992,84.3748,3729.364,NULL,...,"2001-08-06 00:00:00"
43836,1,"2001-07-30 00:00:00","2001-08-11 00:00:00","2001-08-06 00:00:00",5,1,SO43836,NULL,10-4030-026620,26620,9402,NULL,6,19261,19261,1,6966,233797Vi36226,381,699.0982,55.9279,17.4775,772.5036,NULL,...,"2001-08-06 00:00:00"
43837,1,"2001-07-30 00:00:00","2001-08-11 00:00:00","2001-08-06 00:00:00",5,1,SO43837,NULL,10-4030-011009,11009,19429,NULL,9,29335,29335,1,NULL,NULL,379,3374.99,269.9992,84.3748,3729.364,NULL,...,"2001-08-06 00:00:00"
43838,1,"2001-07-31 00:00:00","2001-08-12 00:00:00","2001-08-07 00:00:00",5,1,SO43838,NULL,10-4030-027641,27641,6493,NULL,4,16330,16330,1,1178,230193Vi5985,NULL,3578.27,286.2616,89.4568,3953.9884,NULL,...,"2001-08-07 00:00:00"
43839,1,"2001-07-31 00:00:00","2001-08-12 00:00:00","2001-08-07 00:00:00",5,1,SO43839,NULL,10-4030-027673,27673,10173,NULL,1,20037,20037,1,15759,830207Vi81479,NULL,3578.27,286.2616,89.4568,3953.9884,NULL,...,"2001-08-07 00:00:00"
43840,1,"2001-07-31 00:00:00","2001-08-12 00:00:00","2001-08-07 00:00:00",5,1,SO43840,NULL,10-4030-017957,17957,15660,NULL,7,25544,25544,1,16913,730401Vi87689,398,699.0982,55.9279,17.4775,772.5036,NULL,...,"2001-08-07 00:00:00"
43841,1,"2001-07-31 00:00:00","2001-08-12 00:00:00","2001-08-07 00:00:00",5,1,SO43841,NULL,10-4030-013406,13406,18258,NULL,8,28149,28149,1,5858,631110Vi30576,396,3578.27,286.2616,89.4568,3953.9884,NULL,...,"2001-08-07 00:00:00"
43842,1,"2001-07-31 00:00:00","2001-08-12 00:00:00","2001-08-07 00:00:00",5,1,SO43842,NULL,10-4030-016630,16630,8639,NULL,9,18492,18492,1,17051,634634Vi88522,392,3578.27,286.2616,89.4568,3953.9884,NULL,...,"2001-08-07 00:00:00"
43843,1,"2001-08-01 00:00:00","2001-08-13 00:00:00","2001-08-08 00:00:00",5,0,SO43843,PO19923118772,10-4020-000018,18,521,275,3,756,756,5,13712,25020Vi71036,NULL,39677.4848,3174.1988,991.9371,43843.6207,NULL,...,"2001-08-08 00:00:00"
43844,1,"2001-08-01 00:00:00","2001-08-13 00:00:00","2001-08-08 00:00:00",5,0,SO43844,PO19691138342,10-4020-000353,353,159,282,6,503,503,5,5577,105103Vi29202,407,24299.928,1943.9942,607.4982,26851.4204,NULL,...,"2001-08-08 00:00:00"
43845,1,"2001-08-01 00:00:00","2001-08-13 00:00:00","2001-08-08 00:00:00",5,0,SO43845,PO19546184286,10-4020-000206,206,446,279,5,930,930,5,2364,15114Vi12293,NULL,10295.8366,823.6669,257.3959,11376.8994,NULL,...,"2001-08-08 00:00:00"
43846,1,"2001-08-01 00:00:00","2001-08-13 00:00:00","2001-08-08 00:00:00",5,0,SO43846,PO19430112391,10-4020-000318,318,74,278,6,498,498,5,5528,115137Vi28965,407,1133.2967,90.6637,28.3324,1252.2928,NULL,...,"2001-08-08 00:00:00"
43847,1,"2001-08-01 00:00:00","2001-08-13 00:00:00","2001-08-08 00:00:00",5,0,SO43847,PO19227161888,10-4020-000210,210,61,278,6,480,480,5,181,55182Vi966,407,1086.6152,86.9292,27.1654,1200.7098,NULL,...,"2001-08-08 00:00:00"
43848,1,"2001-08-01 00:00:00","2001-08-13 00:00:00","2001-08-08 00:00:00",5,0,SO43848,PO18908190536,10-4020-000164,164,264,283,1,851,851,5,15882,15215Vi82057,NULL,21923.9352,1753.9148,548.0984,24225.9484,NULL,...,"2001-08-08 00:00:00"
43849,1,"2001-08-01 00:00:00","2001-08-13 00:00:00","2001-08-08 00:00:00",5,0,SO43849,PO18676186169,10-4020-000697,697,371,268,1,1104,1104,5,14559,55256Vi75492,NULL,24624.706,1969.9765,615.6177,27210.3002,NULL,...,"2001-08-08 00:00:00"
43850,1,"2001-08-01 00:00:00","2001-08-13 00:00:00","2001-08-08 00:00:00",5,0,SO43850,PO18415143340,10-4020-000191,191,451,282,6,476,476,5,11072,75292Vi57135,407,12286.7218,982.9377,307.168,13576.8275,NULL,...,"2001-08-08 00:00:00"
43851,1,"2001-08-01 00:00:00","2001-08-13 00:00:00","2001-08-08 00:00:00",5,0,SO43851,PO18386167654,10-4020-000558,558,27,275,2,816,816,5,8979,125302Vi46289,NULL,8143.7192,651.4975,203.593,8998.8097,NULL,...,"2001-08-08 00:00:00"
43852,1,"2001-08-01 00:00:00","2001-08-13 00:00:00","2001-08-08 00:00:00",5,0,SO43852,PO17864179720,10-4020-000568,568,411,282,6,539,539,5,8043,115310Vi41710,407,2429.9928,194.3994,60.7498,2685.142,NULL,...,"2001-08-08 00:00:00"
43853,1,"2001-08-01 00:00:00","2001-08-13 00:00:00","2001-08-08 00:00:00",5,0,SO43853,PO18270155899,10-4020-000011,11,366,282,6,446,446,5,12279,85313Vi63488,407,31625.9064,2530.0725,790.6477,34946.6266,NULL,...,"2001-08-08 00:00:00"
43854,1,"2001-08-01 00:00:00","2001-08-13 00:00:00","2001-08-08 00:00:00",5,0,SO43854,PO17777139245,10-4020-000208,208,558,282,6,478,478,5,9855,45354Vi50783,407,2099.5056,167.9604,52.4876,2319.9536,NULL,...,"2001-08-08 00:00:00"
43855,1,"2001-08-01 00:00:00","2001-08-13 00:00:00","2001-08-08 00:00:00",5,0,SO43855,PO17748116016,10-4020-000102,102,511,278,6,462,462,5,14454,65357Vi74935,407,13234.0306,1058.7224,330.8508,14623.6038,NULL,...,"2001-08-08 00:00:00"
43856,1,"2001-08-01 00:00:00","2001-08-13 00:00:00","2001-08-08 00:00:00",5,0,SO43856,PO17313123131,10-4020-000389,389,224,282,6,509,509,5,18049,55434Vi93678,407,2442.3428,195.3874,61.0586,2698.7888,NULL,...,"2001-08-08 00:00:00"
43857,1,"2001-08-01 00:00:00","2001-08-13 00:00:00","2001-08-08 00:00:00",5,0,SO43857,PO16733124458,10-4020-000533,533,851,282,6,534,534,5,18260,45523Vi94762,407,8613.1498,689.052,215.3287,9517.5305,NULL,...,"2001-08-08 00:00:00"
43858,1,"2001-08-01 00:00:00","2001-08-13 00:00:00","2001-08-08 00:00:00",5,0,SO43858,PO16791124272,10-4020-000036,36,527,275,2,758,758,5,3274,35544Vi17259,NULL,16463.34,1317.0672,411.5835,18191.9907,NULL,...,"2001-08-08 00:00:00"
43859,1,"2001-08-01 00:00:00","2001-08-13 00:00:00","2001-08-08 00:00:00",5,0,SO43859,PO16762199940,10-4020-000259,259,422,276,4,1032,1032,5,11840,85562Vi61174,NULL,4690.5542,375.2443,117.2639,5183.0624,NULL,...,"2001-08-08 00:00:00"
43860,1,"2001-08-01 00:00:00","2001-08-13 00:00:00","2001-08-08 00:00:00",5,0,SO43860,PO16646146654,10-4020-000001,1,322,280,1,832,832,5,19181,105571Vi99678,NULL,13216.0537,1057.2843,330.4013,14603.7393,NULL,...,"2001-08-08 00:00:00"
43861,1,"2001-08-01 00:00:00","2001-08-13 00:00:00","2001-08-08 00:00:00",5,0,SO43861,PO16327172067,10-4020-000584,584,297,279,5,974,974,5,6675,45614Vi34749,NULL,28055.1097,2244.4088,701.3777,31000.8962,NULL,...,"2001-08-08 00:00:00"
43862,1,"2001-08-01 00:00:00","2001-08-13 00:00:00","2001-08-08 00:00:00",5,0,SO43862,PO16211194171,10-4020-000099,99,510,279,5,919,919,5,6777,55631Vi35295,NULL,37348.3786,2987.8703,933.7095,41269.9584,NULL,...,"2001-08-08 00:00:00"
43863,1,"2001-08-01 00:00:00","2001-08-13 00:00:00","2001-08-08 00:00:00",5,0,SO43863,PO15747169584,10-4020-000471,471,312,277,4,611,611,5,11717,65637Vi60618,NULL,2062.0729,164.9658,51.5518,2278.5905,NULL,...,"2001-08-08 00:00:00"
43864,1,"2001-08-01 00:00:00","2001-08-13 00:00:00","2001-08-08 00:00:00",5,0,SO43864,PO16037151094,10-4020-000384,384,833,276,4,1052,1052,5,1896,45642Vi9831,NULL,46298.7107,3703.8969,1157.4678,51160.0754,NULL,...,"2001-08-08 00:00:00"
43865,1,"2001-08-01 00:00:00","2001-08-13 00:00:00","2001-08-08 00:00:00",5,0,SO43865,PO15689147174,10-4020-000328,328,899,277,4,596,596,5,4623,45669Vi24257,NULL,15853.2358,1268.2589,396.3309,17517.8256,NULL,...,"2001-08-08 00:00:00"
43866,1,"2001-08-01 00:00:00","2001-08-13 00:00:00","2001-08-08 00:00:00",5,0,SO43866,PO14529112624,10-4020-000289,289,104,280,1,864,864,5,14363,55805Vi74455,NULL,4890.3356,391.2268,122.2584,5403.8208,NULL,...,"2001-08-08 00:00:00"
43867,1,"2001-08-01 00:00:00","2001-08-13 00:00:00","2001-08-08 00:00:00",5,0,SO43867,PO14471123403,10-4020-000145,145,116,280,1,848,848,5,1359,45808Vi6925,NULL,39366.1384,3149.2911,984.1535,43499.583,NULL,...,"2001-08-08 00:00:00"
43868,1,"2001-08-01 00:00:00","2001-08-13 00:00:00","2001-08-08 00:00:00",5,0,SO43868,PO14848158712,10-4020-000478,478,817,282,6,523,523,5,10628,85848Vi54777,407,2576.3544,206.1084,64.4089,2846.8717,NULL,...,"2001-08-08 00:00:00"
43869,1,"2001-08-01 00:00:00","2001-08-13 00:00:00","2001-08-08 00:00:00",5,0,SO43869,PO14500145975,10-4020-000650,650,888,276,1,1099,1099,5,6386,45864Vi33152,NULL,59182.5878,4734.607,1479.5647,65396.7595,NULL,...,"2001-08-08 00:00:00"
43870,1,"2001-08-01 00:00:00","2001-08-13 00:00:00","2001-08-08 00:00:00",5,0,SO43870,PO14326149236,10-4020-000107,107,219,275,2,765,765,5,18323,55875Vi95160,NULL,5170.2895,413.6232,129.2572,5713.1699,NULL,...,"2001-08-08 00:00:00"
43871,1,"2001-08-01 00:00:00","2001-08-13 00:00:00","2001-08-08 00:00:00",5,0,SO43871,PO13572145817,10-4020-000527,527,853,281,3,1076,1076,5,4941,75995Vi25927,NULL,11249.3629,899.949,281.2341,12430.546,NULL,...,"2001-08-08 00:00:00"
43872,1,"2001-08-01 00:00:00","2001-08-13 00:00:00","2001-08-08 00:00:00",5,0,SO43872,PO12557127067,10-4020-000240,240,881,276,4,1028,1028,5,3368,66128Vi17744,NULL,13887.322,1110.9858,347.1831,15345.4909,NULL,...,"2001-08-08 00:00:00"
43873,1,"2001-08-01 00:00:00","2001-08-13 00:00:00","2001-08-08 00:00:00",5,0,SO43873,PO12499138177,10-4020-000078,78,250,276,4,1001,1001,5,15090,96146Vi78070,NULL,49671.5619,3973.725,1241.789,54887.0759,NULL,...,"2001-08-08 00:00:00"
43874,1,"2001-08-01 00:00:00","2001-08-13 00:00:00","2001-08-08 00:00:00",5,0,SO43874,PO12122162917,10-4020-000022,22,102,277,3,562,562,5,13917,66171Vi72178,NULL,503.3507,40.2681,12.5838,556.2026,NULL,...,"2001-08-08 00:00:00"
43875,1,"2001-08-01 00:00:00","2001-08-13 00:00:00","2001-08-08 00:00:00",5,0,SO43875,PO12586178184,10-4020-000278,278,163,279,5,938,30,5,204,116188Vi1051,NULL,148393.7912,11871.5033,3709.8448,163975.1393,NULL,...,"2001-08-08 00:00:00"
43876,1,"2001-08-01 00:00:00","2001-08-13 00:00:00","2001-08-08 00:00:00",5,0,SO43876,PO12006119347,10-4020-000270,270,871,275,2,784,784,5,6005,66205Vi31256,NULL,8586.8431,686.9474,214.6711,9488.4616,NULL,...,"2001-08-08 00:00:00"
43877,1,"2001-08-01 00:00:00","2001-08-13 00:00:00","2001-08-08 00:00:00",5,0,SO43877,PO11919119101,10-4020-000073,73,490,280,1,840,840,5,5343,56208Vi27980,NULL,24713.954,1977.1163,617.8489,27308.9192,NULL,...,"2001-08-08 00:00:00"
43878,1,"2001-08-01 00:00:00","2001-08-13 00:00:00","2001-08-08 00:00:00",5,0,SO43878,PO11716136854,10-4020-000144,144,207,275,2,770,770,5,7167,46227Vi37199,NULL,4895.9856,391.6788,122.3996,5410.064,NULL,...,"2001-08-08 00:00:00"
43879,1,"2001-08-01 00:00:00","2001-08-13 00:00:00","2001-08-08 00:00:00",5,0,SO43879,PO11600128380,10-4020-000569,569,28,282,6,540,540,5,14729,26285Vi76327,407,26098.5719,2087.8858,652.4643,28838.922,NULL,...,"2001-08-08 00:00:00"
43880,1,"2001-08-01 00:00:00","2001-08-13 00:00:00","2001-08-08 00:00:00",5,0,SO43880,PO11020127453,10-4020-000336,336,340,278,6,501,501,5,18316,126355Vi95120,407,18605.572,1488.4458,465.1393,20559.1571,NULL,...,"2001-08-08 00:00:00"
43881,1,"2001-08-01 00:00:00","2001-08-13 00:00:00","2001-08-08 00:00:00",5,0,SO43881,PO10759119626,10-4020-000346,346,893,277,3,598,598,5,569,56356Vi2945,NULL,46571.5419,3725.7234,1164.2885,51461.5538,NULL,...,"2001-08-08 00:00:00"
43882,1,"2001-08-01 00:00:00","2001-08-13 00:00:00","2001-08-08 00:00:00",5,0,SO43882,PO10469165208,10-4020-000335,335,88,282,6,500,500,5,11282,66419Vi58190,407,2429.9928,194.3994,60.7498,2685.142,NULL,...,"2001-08-08 00:00:00"
43883,1,"2001-08-01 00:00:00","2001-08-13 00:00:00","2001-08-08 00:00:00",5,0,SO43883,PO10121175623,10-4020-000684,684,271,275,2,829,829,5,6126,76443Vi31838,NULL,22037.7183,1763.0175,550.943,24351.6788,NULL,...,"2001-08-08 00:00:00"
43884,1,"2001-08-01 00:00:00","2001-08-13 00:00:00","2001-08-08 00:00:00",5,0,SO43884,PO10440182311,10-4020-000623,623,418,277,3,628,11382,5,16665,96446Vi86292,NULL,140191.9196,11215.3536,3504.798,154912.0712,NULL,...,"2001-08-08 00:00:00"
43885,1,"2001-08-01 00:00:00","2001-08-13 00:00:00","2001-08-08 00:00:00",5,0,SO43885,PO609186449,10-4020-000492,492,305,276,4,1070,1070,5,13246,66522Vi68706,NULL,74.1,5.928,1.8525,81.8805,NULL,...,"2001-08-08 00:00:00"
43886,1,"2001-08-01 00:00:00","2001-08-13 00:00:00","2001-08-08 00:00:00",5,0,SO43886,PO1827149671,10-4020-000317,317,245,282,6,497,497,5,11745,76664Vi60734,407,20812.4278,1664.9942,520.3107,22997.7327,NULL,...,"2001-08-08 00:00:00"
43887,1,"2001-08-01 00:00:00","2001-08-13 00:00:00","2001-08-08 00:00:00",5,0,SO43887,PO1276169981,10-4020-000548,548,10,279,5,970,970,5,9478,106673Vi48861,NULL,503.3507,40.2681,12.5838,556.2026,NULL,...,"2001-08-08 00:00:00"
43888,1,"2001-08-01 00:00:00","2001-08-13 00:00:00","2001-08-08 00:00:00",5,0,SO43888,PO2088113013,10-4020-000136,136,345,282,6,466,466,5,12102,96752Vi62574,407,17355.8114,1388.4649,433.8953,19178.1716,NULL,...,"2001-08-08 00:00:00"
43889,1,"2001-08-01 00:00:00","2001-08-13 00:00:00","2001-08-08 00:00:00",5,0,SO43889,PO2030112412,10-4020-000661,661,383,278,6,553,553,5,16905,126756Vi87636,407,2492.4802,199.3984,62.312,2754.1906,NULL,...,"2001-08-08 00:00:00"
43890,1,"2001-08-01 00:00:00","2001-08-13 00:00:00","2001-08-08 00:00:00",5,0,SO43890,PO2146115360,10-4020-000354,354,33,278,6,504,504,5,14184,66771Vi73564,407,90428.8375,7234.307,2260.7209,99923.8654,NULL,...,"2001-08-08 00:00:00"
43891,1,"2001-08-01 00:00:00","2001-08-13 00:00:00","2001-08-08 00:00:00",5,0,SO43891,PO2726163521,10-4020-000029,29,360,282,6,449,449,5,13366,36797Vi69277,407,39078.9348,3126.3148,976.9734,43182.223,NULL,...,"2001-08-08 00:00:00"
43892,1,"2001-08-01 00:00:00","2001-08-13 00:00:00","2001-08-08 00:00:00",5,0,SO43892,PO2523117473,10-4020-000167,167,263,281,4,1015,1015,5,13468,26813Vi69778,NULL,19839.6027,1587.1682,495.9901,21922.761,NULL,...,"2001-08-08 00:00:00"
43893,1,"2001-08-01 00:00:00","2001-08-13 00:00:00","2001-08-08 00:00:00",5,0,SO43893,PO2204129382,10-4020-000370,370,467,282,6,505,505,5,18480,116815Vi96000,407,503.3507,40.2681,12.5838,556.2026,NULL,...,"2001-08-08 00:00:00"
43894,1,"2001-08-01 00:00:00","2001-08-13 00:00:00","2001-08-08 00:00:00",5,0,SO43894,PO2958194987,10-4020-000559,559,574,280,1,892,892,5,4842,46884Vi25430,NULL,38983.8098,3118.7048,974.5952,43077.1098,NULL,...,"2001-08-08 00:00:00"
43895,1,"2001-08-01 00:00:00","2001-08-13 00:00:00","2001-08-08 00:00:00",5,0,SO43895,PO2900121738,10-4020-000469,469,290,280,1,884,884,5,11011,16890Vi56787,NULL,39018.6078,3121.4886,975.4652,43115.5616,NULL,...,"2001-08-08 00:00:00"
43896,1,"2001-08-01 00:00:00","2001-08-13 00:00:00","2001-08-08 00:00:00",5,0,SO43896,PO3857154341,10-4020-000256,256,423,277,4,588,588,5,8991,128032Vi46347,NULL,5201.5332,416.1227,130.0383,5747.6942,NULL,...,"2001-08-08 00:00:00"
43897,1,"2001-08-01 00:00:00","2001-08-13 00:00:00","2001-08-08 00:00:00",5,0,SO43897,PO3799116239,10-4020-000312,312,40,276,4,1040,1040,5,17861,68035Vi92659,NULL,61411.6389,4912.9311,1535.291,67859.861,NULL,...,"2001-08-08 00:00:00"
43898,1,"2001-08-01 00:00:00","2001-08-13 00:00:00","2001-08-08 00:00:00",5,0,SO43898,PO4901196283,10-4020-000084,84,252,278,6,459,459,5,6452,48128Vi33489,407,61357.26,4908.5808,1533.9315,67799.7723,NULL,...,"2001-08-08 00:00:00"
43899,1,"2001-08-01 00:00:00","2001-08-13 00:00:00","2001-08-08 00:00:00",5,0,SO43899,PO5191115657,10-4020-000364,364,469,277,3,600,600,5,7475,128165Vi38744,NULL,14348.1883,1147.8551,358.7047,15854.7481,NULL,...,"2001-08-08 00:00:00"
43900,1,"2001-08-01 00:00:00","2001-08-13 00:00:00","2001-08-08 00:00:00",5,0,SO43900,PO5568199700,10-4020-000422,422,437,279,5,954,954,5,8663,78252Vi44710,NULL,41545.9776,3323.6782,1038.6494,45908.3052,NULL,...,"2001-08-08 00:00:00"
43901,1,"2001-08-01 00:00:00","2001-08-13 00:00:00","2001-08-08 00:00:00",5,0,SO43901,PO5684189260,10-4020-000385,385,462,276,4,1053,1053,5,9973,18266Vi51318,NULL,27213.377,2177.0702,680.3344,30070.7816,NULL,...,"2001-08-08 00:00:00"
43902,1,"2001-08-01 00:00:00","2001-08-13 00:00:00","2001-08-08 00:00:00",5,0,SO43902,PO5858178400,10-4020-000566,566,25,279,5,972,972,5,13160,48289Vi68229,NULL,63647.3311,5091.7865,1591.1833,70330.3009,NULL,...,"2001-08-08 00:00:00"
43903,1,"2001-08-01 00:00:00","2001-08-13 00:00:00","2001-08-08 00:00:00",5,0,SO43903,PO5800178059,10-4020-000063,63,536,279,5,915,915,5,13420,78316Vi69516,NULL,20.1865,1.6149,0.5047,22.3061,NULL,...,"2001-08-08 00:00:00"
43904,1,"2001-08-01 00:00:00","2001-08-13 00:00:00","2001-08-08 00:00:00",5,0,SO43904,PO6351158788,10-4020-000255,255,876,277,4,587,587,5,13104,108328Vi67850,NULL,13669.7679,1093.5814,341.7442,15105.0935,NULL,...,"2001-08-08 00:00:00"
43905,1,"2001-08-01 00:00:00","2001-08-13 00:00:00","2001-08-08 00:00:00",5,0,SO43905,PO6293113391,10-4020-000612,612,400,279,5,979,979,5,10234,128341Vi52839,NULL,11886.7978,950.9438,297.1699,13134.9115,NULL,...,"2001-08-08 00:00:00"
43906,1,"2001-08-01 00:00:00","2001-08-13 00:00:00","2001-08-08 00:00:00",5,0,SO43906,PO6438197212,10-4020-000309,309,41,277,4,593,593,5,15321,48355Vi79183,NULL,39526.7072,3162.1366,988.1677,43677.0115,NULL,...,"2001-08-08 00:00:00"
43907,1,"2001-08-01 00:00:00","2001-08-13 00:00:00","2001-08-08 00:00:00",5,0,SO43907,PO6641115253,10-4020-000342,342,342,275,2,792,792,5,4835,68422Vi25408,NULL,17597.1982,1407.7759,439.93,19444.9041,NULL,...,"2001-08-08 00:00:00"
43908,1,"2001-08-01 00:00:00","2001-08-13 00:00:00","2001-08-08 00:00:00",5,0,SO43908,PO6670111729,10-4020-000432,432,278,275,2,802,802,5,161,108440Vi848,NULL,3079.016,246.3213,76.9754,3402.3127,NULL,...,"2001-08-08 00:00:00"
43909,1,"2001-08-01 00:00:00","2001-08-13 00:00:00","2001-08-08 00:00:00",5,0,SO43909,PO7221199520,10-4020-000326,326,337,283,1,869,869,5,11815,98465Vi61077,NULL,30764.0555,2461.1244,769.1014,33994.2813,NULL,...,"2001-08-08 00:00:00"
43910,1,"2001-08-01 00:00:00","2001-08-13 00:00:00","2001-08-08 00:00:00",5,0,SO43910,PO7598186753,10-4020-000045,45,530,279,5,913,913,5,8103,68484Vi41999,NULL,23342.4603,1867.3968,583.5615,25793.4186,NULL,...,"2001-08-08 00:00:00"
43911,1,"2001-08-01 00:00:00","2001-08-13 00:00:00","2001-08-08 00:00:00",5,0,SO43911,PO7627190040,10-4020-000433,433,155,280,1,880,880,5,10270,108496Vi53004,NULL,23708.1808,1896.6545,592.7045,26197.5398,NULL,...,"2001-08-08 00:00:00"
43912,1,"2001-08-01 00:00:00","2001-08-13 00:00:00","2001-08-08 00:00:00",5,0,SO43912,PO7656175368,10-4020-000403,403,409,276,4,1056,1056,5,12177,108504Vi62954,NULL,15736.9211,1258.9537,393.423,17389.2978,NULL,...,"2001-08-08 00:00:00"
43913,1,"2001-08-01 00:00:00","2001-08-13 00:00:00","2001-08-08 00:00:00",5,0,SO43913,PO7830112696,10-4020-000040,40,323,277,4,564,564,5,15798,28527Vi81672,NULL,44028.7185,3522.2975,1100.718,48651.734,NULL,...,"2001-08-08 00:00:00"
43914,1,"2001-08-01 00:00:00","2001-08-13 00:00:00","2001-08-08 00:00:00",5,0,SO43914,PO7917120732,10-4020-000401,401,39,281,1,1054,1054,5,1660,78545Vi8518,NULL,9780.6712,782.4537,244.5168,10807.6417,NULL,...,"2001-08-08 00:00:00"
43915,1,"2001-08-01 00:00:00","2001-08-13 00:00:00","2001-08-08 00:00:00",5,0,SO43915,PO8932129717,10-4020-000287,287,235,275,3,785,785,5,11781,78621Vi60933,NULL,4859.9856,388.7988,121.4996,5370.284,NULL,...,"2001-08-08 00:00:00"
43916,1,"2001-08-01 00:00:00","2001-08-13 00:00:00","2001-08-08 00:00:00",5,0,SO43916,PO8874186100,10-4020-000348,348,29,276,3,1046,1046,5,6264,18665Vi32553,NULL,47360.0715,3788.8057,1184.0018,52332.879,NULL,...,"2001-08-08 00:00:00"
43917,1,"2001-08-01 00:00:00","2001-08-13 00:00:00","2001-08-08 00:00:00",5,0,SO43917,PO8816199739,10-4020-000218,218,442,283,1,857,857,5,2470,108692Vi12864,NULL,25635.232,2050.8186,640.8808,28326.9314,NULL,...,"2001-08-08 00:00:00"
43918,1,"2001-08-01 00:00:00","2001-08-13 00:00:00","2001-08-08 00:00:00",5,1,SO43918,NULL,10-4030-022041,22041,8233,NULL,6,18086,18086,1,11637,530232Vi60125,407,3578.27,286.2616,89.4568,3953.9884,NULL,...,"2001-08-08 00:00:00"
43919,1,"2001-08-01 00:00:00","2001-08-13 00:00:00","2001-08-08 00:00:00",5,1,SO43919,NULL,10-4030-012124,12124,17687,NULL,7,27575,27575,1,19192,631132Vi99723,411,3578.27,286.2616,89.4568,3953.9884,NULL,...,"2001-08-08 00:00:00"
43920,1,"2001-08-01 00:00:00","2001-08-13 00:00:00","2001-08-08 00:00:00",5,1,SO43920,NULL,10-4030-028066,28066,17264,NULL,4,27151,27151,1,13339,1031889Vi69165,NULL,3578.27,286.2616,89.4568,3953.9884,NULL,...,"2001-08-08 00:00:00"
43921,1,"2001-08-01 00:00:00","2001-08-13 00:00:00","2001-08-08 00:00:00",5,1,SO43921,NULL,10-4030-016743,16743,8663,NULL,9,18516,18516,1,1714,1234555Vi8808,405,3578.27,286.2616,89.4568,3953.9884,NULL,...,"2001-08-08 00:00:00"
43922,1,"2001-08-01 00:00:00","2001-08-13 00:00:00","2001-08-08 00:00:00",5,1,SO43922,NULL,10-4030-013546,13546,16340,NULL,8,26226,26226,1,10141,1035730Vi52301,409,3578.27,286.2616,89.4568,3953.9884,NULL,...,"2001-08-08 00:00:00"
43923,1,"2001-08-02 00:00:00","2001-08-14 00:00:00","2001-08-09 00:00:00",5,1,SO43923,NULL,10-4030-028018,28018,18976,NULL,4,28877,28877,1,9202,1130221Vi47469,NULL,3578.27,286.2616,89.4568,3953.9884,NULL,...,"2001-08-09 00:00:00"
43924,1,"2001-08-02 00:00:00","2001-08-14 00:00:00","2001-08-09 00:00:00",5,1,SO43924,NULL,10-4030-012132,12132,19810,NULL,7,29716,29716,1,NULL,NULL,424,3578.27,286.2616,89.4568,3953.9884,NULL,...,"2001-08-09 00:00:00"
43925,1,"2001-08-02 00:00:00","2001-08-14 00:00:00","2001-08-09 00:00:00",5,1,SO43925,NULL,10-4030-016661,16661,18585,NULL,9,28478,28478,1,16992,234532Vi88181,418,3578.27,286.2616,89.4568,3953.9884,NULL,...,"2001-08-09 00:00:00"
43926,1,"2001-08-03 00:00:00","2001-08-15 00:00:00","2001-08-10 00:00:00",5,1,SO43926,NULL,10-4030-011055,11055,8689,NULL,9,18542,18542,1,17432,734127Vi90607,431,3374.99,269.9992,84.3748,3729.364,NULL,...,"2001-08-10 00:00:00"
43927,1,"2001-08-03 00:00:00","2001-08-15 00:00:00","2001-08-10 00:00:00",5,1,SO43927,NULL,10-4030-016662,16662,16816,NULL,9,26702,26702,1,10726,734533Vi55385,431,3578.27,286.2616,89.4568,3953.9884,NULL,...,"2001-08-10 00:00:00"
43928,1,"2001-08-03 00:00:00","2001-08-15 00:00:00","2001-08-10 00:00:00",5,1,SO43928,NULL,10-4030-016740,16740,4569,NULL,9,14404,14404,1,14446,934552Vi74889,431,3578.27,286.2616,89.4568,3953.9884,NULL,...,"2001-08-10 00:00:00"
43929,1,"2001-08-03 00:00:00","2001-08-15 00:00:00","2001-08-10 00:00:00",5,1,SO43929,NULL,10-4030-025270,25270,15521,NULL,9,25405,25405,1,6963,435428Vi36220,431,699.0982,55.9279,17.4775,772.5036,NULL,...,"2001-08-10 00:00:00"
43930,1,"2001-08-04 00:00:00","2001-08-16 00:00:00","2001-08-11 00:00:00",5,1,SO43930,NULL,10-4030-028038,28038,18376,NULL,4,28267,28267,1,18586,630226Vi96608,NULL,3578.27,286.2616,89.4568,3953.9884,NULL,...,"2001-08-11 00:00:00"
43931,1,"2001-08-04 00:00:00","2001-08-16 00:00:00","2001-08-11 00:00:00",5,1,SO43931,NULL,10-4030-013548,13548,7783,NULL,8,17636,17636,1,6819,1131029Vi35534,448,3578.27,286.2616,89.4568,3953.9884,NULL,...,"2001-08-11 00:00:00"
43932,1,"2001-08-04 00:00:00","2001-08-16 00:00:00","2001-08-11 00:00:00",5,1,SO43932,NULL,10-4030-016741,16741,16517,NULL,9,26403,26403,1,269,1034553Vi1404,444,3578.27,286.2616,89.4568,3953.9884,NULL,...,"2001-08-11 00:00:00"
43933,1,"2001-08-04 00:00:00","2001-08-16 00:00:00","2001-08-11 00:00:00",5,1,SO43933,NULL,10-4030-011031,11031,13117,NULL,9,22987,22987,1,18382,135110Vi95514,444,3399.99,271.9992,84.9998,3756.989,NULL,...,"2001-08-11 00:00:00"
43934,1,"2001-08-04 00:00:00","2001-08-16 00:00:00","2001-08-11 00:00:00",5,1,SO43934,NULL,10-4030-011034,11034,8857,NULL,9,18711,18711,1,4693,135113Vi24602,444,3399.99,271.9992,84.9998,3756.989,NULL,...,"2001-08-11 00:00:00"
43935,1,"2001-08-05 00:00:00","2001-08-17 00:00:00","2001-08-12 00:00:00",5,1,SO43935,NULL,10-4030-020048,20048,6800,NULL,10,16643,16643,1,17801,1030405Vi92387,464,699.0982,55.9279,17.4775,772.5036,NULL,...,"2001-08-12 00:00:00"
43936,1,"2001-08-05 00:00:00","2001-08-17 00:00:00","2001-08-12 00:00:00",5,1,SO43936,NULL,10-4030-028065,28065,17070,NULL,4,26957,26957,1,14720,131888Vi76277,NULL,3578.27,286.2616,89.4568,3953.9884,NULL,...,"2001-08-12 00:00:00"
43937,1,"2001-08-05 00:00:00","2001-08-17 00:00:00","2001-08-12 00:00:00",5,1,SO43937,NULL,10-4030-017047,17047,14375,NULL,9,24245,24245,1,3460,233635Vi18228,457,3578.27,286.2616,89.4568,3953.9884,NULL,...,"2001-08-12 00:00:00"
43938,1,"2001-08-05 00:00:00","2001-08-17 00:00:00","2001-08-12 00:00:00",5,1,SO43938,NULL,10-4030-016686,16686,5502,NULL,9,15337,15337,1,9400,934539Vi48457,457,3578.27,286.2616,89.4568,3953.9884,NULL,...,"2001-08-12 00:00:00"
43939,1,"2001-08-05 00:00:00","2001-08-17 00:00:00","2001-08-12 00:00:00",5,1,SO43939,NULL,10-4030-016659,16659,11422,NULL,9,21292,21292,1,12524,834642Vi64787,457,3578.27,286.2616,89.4568,3953.9884,NULL,...,"2001-08-12 00:00:00"
43940,1,"2001-08-05 00:00:00","2001-08-17 00:00:00","2001-08-12 00:00:00",5,1,SO43940,NULL,10-4030-025294,25294,7721,NULL,9,17574,17574,1,1400,335432Vi7148,457,699.0982,55.9279,17.4775,772.5036,NULL,...,"2001-08-12 00:00:00"
43941,1,"2001-08-06 00:00:00","2001-08-18 00:00:00","2001-08-13 00:00:00",5,1,SO43941,NULL,10-4030-013600,13600,9329,NULL,10,19186,19186,1,11686,531130Vi60461,477,3578.27,286.2616,89.4568,3953.9884,NULL,...,"2001-08-13 00:00:00"
43942,1,"2001-08-06 00:00:00","2001-08-18 00:00:00","2001-08-13 00:00:00",5,1,SO43942,NULL,10-4030-017051,17051,5031,NULL,9,14866,14866,1,19065,933639Vi99048,470,3578.27,286.2616,89.4568,3953.9884,NULL,...,"2001-08-13 00:00:00"
43943,1,"2001-08-06 00:00:00","2001-08-18 00:00:00","2001-08-13 00:00:00",5,1,SO43943,NULL,10-4030-014565,14565,9629,NULL,4,19488,19488,1,10093,133798Vi52021,NULL,699.0982,55.9279,17.4775,772.5036,NULL,...,"2001-08-13 00:00:00"
43944,1,"2001-08-06 00:00:00","2001-08-18 00:00:00","2001-08-13 00:00:00",5,1,SO43944,NULL,10-4030-011054,11054,8990,NULL,9,18844,18844,1,18160,734126Vi94160,470,3399.99,271.9992,84.9998,3756.989,NULL,...,"2001-08-13 00:00:00"
43945,1,"2001-08-06 00:00:00","2001-08-18 00:00:00","2001-08-13 00:00:00",5,1,SO43945,NULL,10-4030-016675,16675,9889,NULL,9,19751,19751,1,4559,934536Vi23897,470,3578.27,286.2616,89.4568,3953.9884,NULL,...,"2001-08-13 00:00:00"
43946,1,"2001-08-06 00:00:00","2001-08-18 00:00:00","2001-08-13 00:00:00",5,1,SO43946,NULL,10-4030-016687,16687,13646,NULL,9,23516,23516,1,1301,1034540Vi6608,470,3578.27,286.2616,89.4568,3953.9884,NULL,...,"2001-08-13 00:00:00"
43947,1,"2001-08-06 00:00:00","2001-08-18 00:00:00","2001-08-13 00:00:00",5,1,SO43947,NULL,10-4030-016712,16712,4221,NULL,9,14056,14056,1,1890,134550Vi9795,470,3578.27,286.2616,89.4568,3953.9884,NULL,...,"2001-08-13 00:00:00"
43948,1,"2001-08-06 00:00:00","2001-08-18 00:00:00","2001-08-13 00:00:00",5,1,SO43948,NULL,10-4030-011047,11047,12128,NULL,9,21998,21998,1,8816,635119Vi45501,470,3399.99,271.9992,84.9998,3756.989,NULL,...,"2001-08-13 00:00:00"
43949,1,"2001-08-07 00:00:00","2001-08-19 00:00:00","2001-08-14 00:00:00",5,1,SO43949,NULL,10-4030-027726,27726,10074,NULL,4,19937,19937,1,12099,530210Vi62562,NULL,3578.27,286.2616,89.4568,3953.9884,NULL,...,"2001-08-14 00:00:00"
43950,1,"2001-08-07 00:00:00","2001-08-19 00:00:00","2001-08-14 00:00:00",5,1,SO43950,NULL,10-4030-028014,28014,10567,NULL,4,20434,20434,1,9620,830218Vi49567,NULL,3578.27,286.2616,89.4568,3953.9884,NULL,...,"2001-08-14 00:00:00"
43951,1,"2001-08-07 00:00:00","2001-08-19 00:00:00","2001-08-14 00:00:00",5,1,SO43951,NULL,10-4030-016696,16696,5098,NULL,9,14933,14933,1,4649,434544Vi24387,483,3578.27,286.2616,89.4568,3953.9884,NULL,...,"2001-08-14 00:00:00"
43952,1,"2001-08-07 00:00:00","2001-08-19 00:00:00","2001-08-14 00:00:00",5,1,SO43952,NULL,10-4030-016639,16639,14207,NULL,9,24077,24077,1,5213,734638Vi27263,483,3578.27,286.2616,89.4568,3953.9884,NULL,...,"2001-08-14 00:00:00"
43953,1,"2001-08-08 00:00:00","2001-08-20 00:00:00","2001-08-15 00:00:00",5,1,SO43953,NULL,10-4030-020049,20049,11535,NULL,10,21405,21405,1,13222,1130407Vi68585,503,699.0982,55.9279,17.4775,772.5036,NULL,...,"2001-08-15 00:00:00"
43954,1,"2001-08-08 00:00:00","2001-08-20 00:00:00","2001-08-15 00:00:00",5,1,SO43954,NULL,10-4030-013602,13602,6814,NULL,10,16657,16657,1,13315,631131Vi69068,503,3578.27,286.2616,89.4568,3953.9884,NULL,...,"2001-08-15 00:00:00"
43955,1,"2001-08-08 00:00:00","2001-08-20 00:00:00","2001-08-15 00:00:00",5,1,SO43955,NULL,10-4030-013661,13661,15263,NULL,10,25143,25143,1,19068,731136Vi99060,503,3578.27,286.2616,89.4568,3953.9884,NULL,...,"2001-08-15 00:00:00"
43956,1,"2001-08-08 00:00:00","2001-08-20 00:00:00","2001-08-15 00:00:00",5,1,SO43956,NULL,10-4030-011030,11030,16472,NULL,9,26358,26358,1,9306,135109Vi47984,496,3399.99,271.9992,84.9998,3756.989,NULL,...,"2001-08-15 00:00:00"
43957,1,"2001-08-09 00:00:00","2001-08-21 00:00:00","2001-08-16 00:00:00",5,1,SO43957,NULL,10-4030-028068,28068,2225,NULL,4,12047,12047,1,5365,231891Vi28101,NULL,3578.27,286.2616,89.4568,3953.9884,NULL,...,"2001-08-16 00:00:00"
43958,1,"2001-08-09 00:00:00","2001-08-21 00:00:00","2001-08-16 00:00:00",5,1,SO43958,NULL,10-4030-016658,16658,8162,NULL,9,18015,18015,1,8948,734641Vi46103,509,3578.27,286.2616,89.4568,3953.9884,NULL,...,"2001-08-16 00:00:00"
43959,1,"2001-08-09 00:00:00","2001-08-21 00:00:00","2001-08-16 00:00:00",5,1,SO43959,NULL,10-4030-011035,11035,13148,NULL,9,23018,23018,1,9071,1035114Vi46818,509,3374.99,269.9992,84.3748,3729.364,NULL,...,"2001-08-16 00:00:00"
43960,1,"2001-08-09 00:00:00","2001-08-21 00:00:00","2001-08-16 00:00:00",5,1,SO43960,NULL,10-4030-011046,11046,19070,NULL,9,28971,28971,1,14955,535118Vi77461,509,3374.99,269.9992,84.3748,3729.364,NULL,...,"2001-08-16 00:00:00"
43961,1,"2001-08-10 00:00:00","2001-08-22 00:00:00","2001-08-17 00:00:00",5,1,SO43961,NULL,10-4030-028031,28031,9745,NULL,4,19605,19605,1,7808,930225Vi40458,NULL,3578.27,286.2616,89.4568,3953.9884,NULL,...,"2001-08-17 00:00:00"
43962,1,"2001-08-10 00:00:00","2001-08-22 00:00:00","2001-08-17 00:00:00",5,1,SO43962,NULL,10-4030-028076,28076,16790,NULL,4,26676,26676,1,6829,1031894Vi35579,NULL,3578.27,286.2616,89.4568,3953.9884,NULL,...,"2001-08-17 00:00:00"
43963,1,"2001-08-10 00:00:00","2001-08-22 00:00:00","2001-08-17 00:00:00",5,1,SO43963,NULL,10-4030-016685,16685,12938,NULL,9,22808,22808,1,3262,434538Vi17176,522,3578.27,286.2616,89.4568,3953.9884,NULL,...,"2001-08-17 00:00:00"
43964,1,"2001-08-10 00:00:00","2001-08-22 00:00:00","2001-08-17 00:00:00",5,1,SO43964,NULL,10-4030-016745,16745,13417,NULL,9,23287,23287,1,6168,1034557Vi32048,522,3578.27,286.2616,89.4568,3953.9884,NULL,...,"2001-08-17 00:00:00"
43965,1,"2001-08-10 00:00:00","2001-08-22 00:00:00","2001-08-17 00:00:00",5,1,SO43965,NULL,10-4030-011038,11038,17843,NULL,9,27731,27731,1,10047,1135115Vi51730,522,3374.99,269.9992,84.3748,3729.364,NULL,...,"2001-08-17 00:00:00"
43966,1,"2001-08-10 00:00:00","2001-08-22 00:00:00","2001-08-17 00:00:00",5,1,SO43966,NULL,10-4030-011039,11039,14876,NULL,9,24751,24751,1,11169,1135116Vi57638,522,3399.99,271.9992,84.9998,3756.989,NULL,...,"2001-08-17 00:00:00"
43967,1,"2001-08-11 00:00:00","2001-08-23 00:00:00","2001-08-18 00:00:00",5,1,SO43967,NULL,10-4030-028040,28040,15702,NULL,1,25586,25586,1,3376,1030228Vi17779,NULL,3578.27,286.2616,89.4568,3953.9884,NULL,...,"2001-08-18 00:00:00"
43968,1,"2001-08-11 00:00:00","2001-08-23 00:00:00","2001-08-18 00:00:00",5,1,SO43968,NULL,10-4030-028067,28067,18539,NULL,4,28431,28431,1,18833,331890Vi97844,NULL,3578.27,286.2616,89.4568,3953.9884,NULL,...,"2001-08-18 00:00:00"
43969,1,"2001-08-11 00:00:00","2001-08-23 00:00:00","2001-08-18 00:00:00",5,1,SO43969,NULL,10-4030-028071,28071,12020,NULL,4,21890,21890,1,5284,1231893Vi27632,NULL,3578.27,286.2616,89.4568,3953.9884,NULL,...,"2001-08-18 00:00:00"
43970,1,"2001-08-11 00:00:00","2001-08-23 00:00:00","2001-08-18 00:00:00",5,1,SO43970,NULL,10-4030-016684,16684,19305,NULL,9,29208,29208,1,NULL,NULL,535,3578.27,286.2616,89.4568,3953.9884,NULL,...,"2001-08-18 00:00:00"
43971,1,"2001-08-11 00:00:00","2001-08-23 00:00:00","2001-08-18 00:00:00",5,1,SO43971,NULL,10-4030-016657,16657,4009,NULL,9,13844,13844,1,9820,1034640Vi50592,535,3578.27,286.2616,89.4568,3953.9884,NULL,...,"2001-08-18 00:00:00"
43972,1,"2001-08-12 00:00:00","2001-08-24 00:00:00","2001-08-19 00:00:00",5,1,SO43972,NULL,10-4030-021939,21939,15149,NULL,6,25027,25027,1,2888,630220Vi15048,550,3578.27,286.2616,89.4568,3953.9884,NULL,...,"2001-08-19 00:00:00"
43973,1,"2001-08-12 00:00:00","2001-08-24 00:00:00","2001-08-19 00:00:00",5,1,SO43973,NULL,10-4030-028039,28039,3609,NULL,4,13444,13444,1,4947,930227Vi25968,NULL,3578.27,286.2616,89.4568,3953.9884,NULL,...,"2001-08-19 00:00:00"
43974,1,"2001-08-12 00:00:00","2001-08-24 00:00:00","2001-08-19 00:00:00",5,1,SO43974,NULL,10-4030-013687,13687,15987,NULL,10,25873,25873,1,18889,331022Vi98154,555,3578.27,286.2616,89.4568,3953.9884,NULL,...,"2001-08-19 00:00:00"
43975,1,"2001-08-12 00:00:00","2001-08-24 00:00:00","2001-08-19 00:00:00",5,1,SO43975,NULL,10-4030-013540,13540,14524,NULL,8,24395,24395,1,4964,1031135Vi26030,552,3578.27,286.2616,89.4568,3953.9884,NULL,...,"2001-08-19 00:00:00"
43976,1,"2001-08-12 00:00:00","2001-08-24 00:00:00","2001-08-19 00:00:00",5,1,SO43976,NULL,10-4030-028063,28063,8803,NULL,4,18656,18656,1,3080,1231886Vi16221,NULL,3578.27,286.2616,89.4568,3953.9884,NULL,...,"2001-08-19 00:00:00"
43977,1,"2001-08-12 00:00:00","2001-08-24 00:00:00","2001-08-19 00:00:00",5,1,SO43977,NULL,10-4030-016703,16703,15469,NULL,9,25353,25353,1,6914,334547Vi35999,548,3578.27,286.2616,89.4568,3953.9884,NULL,...,"2001-08-19 00:00:00"
43978,1,"2001-08-13 00:00:00","2001-08-25 00:00:00","2001-08-20 00:00:00",5,1,SO43978,NULL,10-4030-028030,28030,15467,NULL,1,25351,25351,1,12614,1230223Vi65238,NULL,3578.27,286.2616,89.4568,3953.9884,NULL,...,"2001-08-20 00:00:00"
43979,1,"2001-08-13 00:00:00","2001-08-25 00:00:00","2001-08-20 00:00:00",5,1,SO43979,NULL,10-4030-014576,14576,2853,NULL,1,12682,12682,1,1937,733800Vi10105,NULL,699.0982,55.9279,17.4775,772.5036,NULL,...,"2001-08-20 00:00:00"
43980,1,"2001-08-13 00:00:00","2001-08-25 00:00:00","2001-08-20 00:00:00",5,1,SO43980,NULL,10-4030-011048,11048,12713,NULL,9,22583,22583,1,17271,634123Vi89664,561,3374.99,269.9992,84.3748,3729.364,NULL,...,"2001-08-20 00:00:00"
43981,1,"2001-08-13 00:00:00","2001-08-25 00:00:00","2001-08-20 00:00:00",5,1,SO43981,NULL,10-4030-016664,16664,9093,NULL,9,18948,18948,1,14104,734535Vi73154,561,3578.27,286.2616,89.4568,3953.9884,NULL,...,"2001-08-20 00:00:00"
43982,1,"2001-08-13 00:00:00","2001-08-25 00:00:00","2001-08-20 00:00:00",5,1,SO43982,NULL,10-4030-025271,25271,16008,NULL,9,25894,25894,1,13227,735429Vi68619,561,699.0982,55.9279,17.4775,772.5036,NULL,...,"2001-08-20 00:00:00"
43983,1,"2001-08-14 00:00:00","2001-08-26 00:00:00","2001-08-21 00:00:00",5,1,SO43983,NULL,10-4030-028017,28017,17400,NULL,1,27287,27287,1,13899,630219Vi72064,NULL,3578.27,286.2616,89.4568,3953.9884,NULL,...,"2001-08-21 00:00:00"
43984,1,"2001-08-14 00:00:00","2001-08-26 00:00:00","2001-08-21 00:00:00",5,1,SO43984,NULL,10-4030-013545,13545,8591,NULL,8,18444,18444,1,14141,1231027Vi73375,578,3578.27,286.2616,89.4568,3953.9884,NULL,...,"2001-08-21 00:00:00"
43985,1,"2001-08-14 00:00:00","2001-08-26 00:00:00","2001-08-21 00:00:00",5,1,SO43985,NULL,10-4030-013515,13515,4061,NULL,8,13896,13896,1,6184,1031133Vi32137,578,3578.27,286.2616,89.4568,3953.9884,NULL,...,"2001-08-21 00:00:00"
43986,1,"2001-08-14 00:00:00","2001-08-26 00:00:00","2001-08-21 00:00:00",5,1,SO43986,NULL,10-4030-028070,28070,14539,NULL,4,24410,24410,1,17988,431892Vi93331,NULL,3578.27,286.2616,89.4568,3953.9884,NULL,...,"2001-08-21 00:00:00"
43987,1,"2001-08-15 00:00:00","2001-08-27 00:00:00","2001-08-22 00:00:00",5,1,SO43987,NULL,10-4030-028042,28042,18114,NULL,4,28003,28003,1,11724,730230Vi60646,NULL,3578.27,286.2616,89.4568,3953.9884,NULL,...,"2001-08-22 00:00:00"
43988,1,"2001-08-15 00:00:00","2001-08-27 00:00:00","2001-08-22 00:00:00",5,1,SO43988,NULL,10-4030-011244,11244,11951,NULL,10,21821,21821,1,16105,631742Vi83282,594,3399.99,271.9992,84.9998,3756.989,NULL,...,"2001-08-22 00:00:00"
43989,1,"2001-08-15 00:00:00","2001-08-27 00:00:00","2001-08-22 00:00:00",5,1,SO43989,NULL,10-4030-028083,28083,19836,NULL,4,29742,29742,1,NULL,NULL,NULL,3578.27,286.2616,89.4568,3953.9884,NULL,...,"2001-08-22 00:00:00"
43990,1,"2001-08-15 00:00:00","2001-08-27 00:00:00","2001-08-22 00:00:00",5,1,SO43990,NULL,10-4030-025872,25872,7318,NULL,1,17167,17167,1,17355,933261Vi90148,NULL,3399.99,271.9992,84.9998,3756.989,NULL,...,"2001-08-22 00:00:00"
43991,1,"2001-08-15 00:00:00","2001-08-27 00:00:00","2001-08-22 00:00:00",5,1,SO43991,NULL,10-4030-016660,16660,13619,NULL,9,23489,23489,1,15438,534531Vi79724,587,3578.27,286.2616,89.4568,3953.9884,NULL,...,"2001-08-22 00:00:00"
43992,1,"2001-08-15 00:00:00","2001-08-27 00:00:00","2001-08-22 00:00:00",5,1,SO43992,NULL,10-4030-016638,16638,17104,NULL,9,26991,26991,1,755,934637Vi3863,587,3578.27,286.2616,89.4568,3953.9884,NULL,...,"2001-08-22 00:00:00"
43993,1,"2001-08-17 00:00:00","2001-08-29 00:00:00","2001-08-24 00:00:00",5,1,SO43993,NULL,10-4030-016929,16929,9387,NULL,9,19246,19246,1,7605,734559Vi39394,613,3578.27,286.2616,89.4568,3953.9884,NULL,...,"2001-08-24 00:00:00"
43994,1,"2001-08-18 00:00:00","2001-08-30 00:00:00","2001-08-25 00:00:00",5,1,SO43994,NULL,10-4030-027681,27681,10966,NULL,4,20835,20835,1,7892,830209Vi40852,NULL,3578.27,286.2616,89.4568,3953.9884,NULL,...,"2001-08-25 00:00:00"
43995,1,"2001-08-18 00:00:00","2001-08-30 00:00:00","2001-08-25 00:00:00",5,1,SO43995,NULL,10-4030-021813,21813,3658,NULL,6,13493,13493,1,17810,430211Vi92426,628,3578.27,286.2616,89.4568,3953.9884,NULL,...,"2001-08-25 00:00:00"
43996,1,"2001-08-18 00:00:00","2001-08-30 00:00:00","2001-08-25 00:00:00",5,1,SO43996,NULL,10-4030-027920,27920,18304,NULL,4,28195,28195,1,19108,730217Vi99282,NULL,3578.27,286.2616,89.4568,3953.9884,NULL,...,"2001-08-25 00:00:00"
43997,1,"2001-08-18 00:00:00","2001-08-30 00:00:00","2001-08-25 00:00:00",5,1,SO43997,NULL,10-4030-028022,28022,16455,NULL,4,26341,26341,1,12375,930222Vi63996,NULL,3578.27,286.2616,89.4568,3953.9884,NULL,...,"2001-08-25 00:00:00"
43998,1,"2001-08-18 00:00:00","2001-08-30 00:00:00","2001-08-25 00:00:00",5,1,SO43998,NULL,10-4030-011033,11033,8675,NULL,9,18528,18528,1,16251,335112Vi84042,626,3374.99,269.9992,84.3748,3729.364,NULL,...,"2001-08-25 00:00:00"
43999,1,"2001-08-18 00:00:00","2001-08-30 00:00:00","2001-08-25 00:00:00",5,1,SO43999,NULL,10-4030-028047,28047,9498,NULL,1,19357,19357,1,1092,735717Vi5439,NULL,3578.27,286.2616,89.4568,3953.9884,NULL,...,"2001-08-25 00:00:00"
44000,1,"2001-08-19 00:00:00","2001-08-31 00:00:00","2001-08-26 00:00:00",5,1,SO44000,NULL,10-4030-027918,27918,11722,NULL,4,21592,21592,1,11353,730215Vi58555,NULL,3578.27,286.2616,89.4568,3953.9884,NULL,...,"2001-08-26 00:00:00"
44001,1,"2001-08-19 00:00:00","2001-08-31 00:00:00","2001-08-26 00:00:00",5,1,SO44001,NULL,10-4030-028044,28044,14844,NULL,4,24719,24719,1,10690,730231Vi55136,NULL,3578.27,286.2616,89.4568,3953.9884,NULL,...,"2001-08-26 00:00:00"
44002,1,"2001-08-19 00:00:00","2001-08-31 00:00:00","2001-08-26 00:00:00",5,1,SO44002,NULL,10-4030-014572,14572,6787,NULL,4,16629,16629,1,8115,730334Vi42087,NULL,699.0982,55.9279,17.4775,772.5036,NULL,...,"2001-08-26 00:00:00"
44003,1,"2001-08-19 00:00:00","2001-08-31 00:00:00","2001-08-26 00:00:00",5,1,SO44003,NULL,10-4030-019325,19325,11249,NULL,8,21119,21119,1,6987,330403Vi36335,643,699.0982,55.9279,17.4775,772.5036,NULL,...,"2001-08-26 00:00:00"
44004,1,"2001-08-19 00:00:00","2001-08-31 00:00:00","2001-08-26 00:00:00",5,1,SO44004,NULL,10-4030-028061,28061,16440,NULL,4,26326,26326,1,14278,1131883Vi74032,NULL,3578.27,286.2616,89.4568,3953.9884,NULL,...,"2001-08-26 00:00:00"
44005,1,"2001-08-19 00:00:00","2001-08-31 00:00:00","2001-08-26 00:00:00",5,1,SO44005,NULL,10-4030-026629,26629,6462,NULL,6,16299,16299,1,12059,433799Vi62318,641,699.0982,55.9279,17.4775,772.5036,NULL,...,"2001-08-26 00:00:00"
44006,1,"2001-08-19 00:00:00","2001-08-31 00:00:00","2001-08-26 00:00:00",5,1,SO44006,NULL,10-4030-016744,16744,11592,NULL,9,21462,21462,1,9929,534556Vi51094,639,3578.27,286.2616,89.4568,3953.9884,NULL,...,"2001-08-26 00:00:00"
44007,1,"2001-08-19 00:00:00","2001-08-31 00:00:00","2001-08-26 00:00:00",5,1,SO44007,NULL,10-4030-025555,25555,3940,NULL,9,13775,13775,1,1535,635433Vi7868,639,699.0982,55.9279,17.4775,772.5036,NULL,...,"2001-08-26 00:00:00"
44008,1,"2001-08-20 00:00:00","2001-09-01 00:00:00","2001-08-27 00:00:00",5,1,SO44008,NULL,10-4030-027678,27678,15647,NULL,1,25531,25531,1,1166,330208Vi5908,NULL,3578.27,286.2616,89.4568,3953.9884,NULL,...,"2001-08-27 00:00:00"
44009,1,"2001-08-20 00:00:00","2001-09-01 00:00:00","2001-08-27 00:00:00",5,1,SO44009,NULL,10-4030-027759,27759,7142,NULL,1,16988,16988,1,10257,930212Vi52949,NULL,3578.27,286.2616,89.4568,3953.9884,NULL,...,"2001-08-27 00:00:00"
44010,1,"2001-08-20 00:00:00","2001-09-01 00:00:00","2001-08-27 00:00:00",5,1,SO44010,NULL,10-4030-013680,13680,7081,NULL,10,16926,16926,1,1971,931021Vi10275,659,3578.27,286.2616,89.4568,3953.9884,NULL,...,"2001-08-27 00:00:00"
44011,1,"2001-08-20 00:00:00","2001-09-01 00:00:00","2001-08-27 00:00:00",5,1,SO44011,NULL,10-4030-013514,13514,19022,NULL,8,28923,28923,1,19150,931129Vi99531,656,3578.27,286.2616,89.4568,3953.9884,NULL,...,"2001-08-27 00:00:00"
44012,1,"2001-08-20 00:00:00","2001-09-01 00:00:00","2001-08-27 00:00:00",5,1,SO44012,NULL,10-4030-011052,11052,14476,NULL,9,24347,24347,1,15531,1134125Vi80238,652,3374.99,269.9992,84.3748,3729.364,NULL,...,"2001-08-27 00:00:00"
44013,1,"2001-08-20 00:00:00","2001-09-01 00:00:00","2001-08-27 00:00:00",5,1,SO44013,NULL,10-4030-016928,16928,15037,NULL,9,24913,24913,1,9126,534558Vi47091,652,3578.27,286.2616,89.4568,3953.9884,NULL,...,"2001-08-27 00:00:00"
44014,1,"2001-08-21 00:00:00","2001-09-02 00:00:00","2001-08-28 00:00:00",5,1,SO44014,NULL,10-4030-027917,27917,7238,NULL,4,17086,17086,1,14687,930214Vi76153,NULL,3578.27,286.2616,89.4568,3953.9884,NULL,...,"2001-08-28 00:00:00"
44015,1,"2001-08-21 00:00:00","2001-09-02 00:00:00","2001-08-28 00:00:00",5,1,SO44015,NULL,10-4030-013693,13693,7454,NULL,10,17306,17306,1,1612,831031Vi8248,672,3578.27,286.2616,89.4568,3953.9884,NULL,...,"2001-08-28 00:00:00"
44016,1,"2001-08-21 00:00:00","2001-09-02 00:00:00","2001-08-28 00:00:00",5,1,SO44016,NULL,10-4030-011247,11247,5063,NULL,10,14898,14898,1,18337,131743Vi95230,672,3374.99,269.9992,84.3748,3729.364,NULL,...,"2001-08-28 00:00:00"
44017,1,"2001-08-21 00:00:00","2001-09-02 00:00:00","2001-08-28 00:00:00",5,1,SO44017,NULL,10-4030-028078,28078,16151,NULL,1,26037,26037,1,18877,531895Vi98057,NULL,3578.27,286.2616,89.4568,3953.9884,NULL,...,"2001-08-28 00:00:00"
44018,1,"2001-08-21 00:00:00","2001-09-02 00:00:00","2001-08-28 00:00:00",5,1,SO44018,NULL,10-4030-025876,25876,16204,NULL,1,26090,26090,1,1052,433262Vi5263,NULL,3374.99,269.9992,84.3748,3729.364,NULL,...,"2001-08-28 00:00:00"
44019,1,"2001-08-21 00:00:00","2001-09-02 00:00:00","2001-08-28 00:00:00",5,1,SO44019,NULL,10-4030-016701,16701,1609,NULL,9,11429,11429,1,16032,734545Vi82867,665,3578.27,286.2616,89.4568,3953.9884,NULL,...,"2001-08-28 00:00:00"
44020,1,"2001-08-21 00:00:00","2001-09-02 00:00:00","2001-08-28 00:00:00",5,1,SO44020,NULL,10-4030-016931,16931,3685,NULL,9,13520,13520,1,8632,1234560Vi44580,665,3578.27,286.2616,89.4568,3953.9884,NULL,...,"2001-08-28 00:00:00"
44021,1,"2001-08-21 00:00:00","2001-09-02 00:00:00","2001-08-28 00:00:00",5,1,SO44021,NULL,10-4030-011032,11032,15440,NULL,9,25324,25324,1,11205,1235111Vi57811,665,3374.99,269.9992,84.3748,3729.364,NULL,...,"2001-08-28 00:00:00"
44022,1,"2001-08-22 00:00:00","2001-09-03 00:00:00","2001-08-29 00:00:00",5,1,SO44022,NULL,10-4030-022008,22008,11155,NULL,6,21025,21025,1,7382,1230224Vi38283,680,3578.27,286.2616,89.4568,3953.9884,NULL,...,"2001-08-29 00:00:00"
44023,1,"2001-08-22 00:00:00","2001-09-03 00:00:00","2001-08-29 00:00:00",5,1,SO44023,NULL,10-4030-019830,19830,2544,NULL,6,12371,12371,1,2858,933265Vi14869,680,3374.99,269.9992,84.3748,3729.364,NULL,...,"2001-08-29 00:00:00"
44024,1,"2001-08-22 00:00:00","2001-09-03 00:00:00","2001-08-29 00:00:00",5,1,SO44024,NULL,10-4030-016663,16663,4166,NULL,9,14001,14001,1,3976,1234534Vi20959,678,3578.27,286.2616,89.4568,3953.9884,NULL,...,"2001-08-29 00:00:00"
44025,1,"2001-08-22 00:00:00","2001-09-03 00:00:00","2001-08-29 00:00:00",5,1,SO44025,NULL,10-4030-016708,16708,15409,NULL,9,25292,25292,1,6608,1034549Vi34379,678,3578.27,286.2616,89.4568,3953.9884,NULL,...,"2001-08-29 00:00:00"
44026,1,"2001-08-22 00:00:00","2001-09-03 00:00:00","2001-08-29 00:00:00",5,1,SO44026,NULL,10-4030-017045,17045,19469,NULL,9,29375,29375,1,NULL,NULL,678,3578.27,286.2616,89.4568,3953.9884,NULL,...,"2001-08-29 00:00:00"
44027,1,"2001-08-23 00:00:00","2001-09-04 00:00:00","2001-08-30 00:00:00",5,1,SO44027,NULL,10-4030-021921,21921,3489,NULL,6,13324,13324,1,2640,230213Vi13719,693,3578.27,286.2616,89.4568,3953.9884,NULL,...,"2001-08-30 00:00:00"
44028,1,"2001-08-23 00:00:00","2001-09-04 00:00:00","2001-08-30 00:00:00",5,1,SO44028,NULL,10-4030-017048,17048,17953,NULL,9,27841,27841,1,3004,433636Vi15758,691,3578.27,286.2616,89.4568,3953.9884,NULL,...,"2001-08-30 00:00:00"
44029,1,"2001-08-23 00:00:00","2001-09-04 00:00:00","2001-08-30 00:00:00",5,1,SO44029,NULL,10-4030-011050,11050,16537,NULL,9,26423,26423,1,13645,234124Vi70714,691,3374.99,269.9992,84.3748,3729.364,NULL,...,"2001-08-30 00:00:00"
44030,1,"2001-08-24 00:00:00","2001-09-05 00:00:00","2001-08-31 00:00:00",5,1,SO44030,NULL,10-4030-012131,12131,14174,NULL,7,24044,24044,1,8038,1231023Vi41680,710,3578.27,286.2616,89.4568,3953.9884,NULL,...,"2001-08-31 00:00:00"
44031,1,"2001-08-24 00:00:00","2001-09-05 00:00:00","2001-08-31 00:00:00",5,1,SO44031,NULL,10-4030-013689,13689,14421,NULL,10,24291,24291,1,5552,131025Vi29067,711,3578.27,286.2616,89.4568,3953.9884,NULL,...,"2001-08-31 00:00:00"
44032,1,"2001-08-24 00:00:00","2001-09-05 00:00:00","2001-08-31 00:00:00",5,1,SO44032,NULL,10-4030-011243,11243,12912,NULL,10,22782,22782,1,3590,631741Vi18915,711,3399.99,271.9992,84.9998,3756.989,NULL,...,"2001-08-31 00:00:00"
44033,1,"2001-08-24 00:00:00","2001-09-05 00:00:00","2001-08-31 00:00:00",5,1,SO44033,NULL,10-4030-016693,16693,5691,NULL,9,15526,15526,1,9720,1234543Vi50098,704,3578.27,286.2616,89.4568,3953.9884,NULL,...,"2001-08-31 00:00:00"
44034,1,"2001-08-24 00:00:00","2001-09-05 00:00:00","2001-08-31 00:00:00",5,1,SO44034,NULL,10-4030-016702,16702,18871,NULL,9,28770,28770,1,2390,634546Vi12436,704,3578.27,286.2616,89.4568,3953.9884,NULL,...,"2001-08-31 00:00:00"
44035,1,"2001-08-24 00:00:00","2001-09-05 00:00:00","2001-08-31 00:00:00",5,1,SO44035,NULL,10-4030-016707,16707,18326,NULL,9,28217,28217,1,8507,1034548Vi43976,704,3578.27,286.2616,89.4568,3953.9884,NULL,...,"2001-08-31 00:00:00"
44036,1,"2001-08-24 00:00:00","2001-09-05 00:00:00","2001-08-31 00:00:00",5,1,SO44036,NULL,10-4030-017046,17046,3169,NULL,9,13001,13001,1,2190,834562Vi11421,704,3578.27,286.2616,89.4568,3953.9884,NULL,...,"2001-08-31 00:00:00"
44037,1,"2001-08-24 00:00:00","2001-09-05 00:00:00","2001-08-31 00:00:00",5,1,SO44037,NULL,10-4030-025272,25272,12354,NULL,9,22224,22224,1,18340,435430Vi95245,704,699.0982,55.9279,17.4775,772.5036,NULL,...,"2001-08-31 00:00:00"
44038,1,"2001-08-24 00:00:00","2001-09-05 00:00:00","2001-08-31 00:00:00",5,1,SO44038,NULL,10-4030-025868,25868,11316,NULL,4,21186,21186,1,17758,235639Vi92124,NULL,3399.99,271.9992,84.9998,3756.989,NULL,...,"2001-08-31 00:00:00"
44039,1,"2001-08-25 00:00:00","2001-09-06 00:00:00","2001-09-01 00:00:00",5,1,SO44039,NULL,10-4030-017971,17971,2619,NULL,7,12447,12447,1,8186,630406Vi42437,723,699.0982,55.9279,17.4775,772.5036,NULL,...,"2001-09-01 00:00:00"
44040,1,"2001-08-25 00:00:00","2001-09-06 00:00:00","2001-09-01 00:00:00",5,1,SO44040,NULL,10-4030-011057,11057,16162,NULL,9,26048,26048,1,2264,1134129Vi11841,717,3374.99,269.9992,84.3748,3729.364,NULL,...,"2001-09-01 00:00:00"
44041,1,"2001-08-25 00:00:00","2001-09-06 00:00:00","2001-09-01 00:00:00",5,1,SO44041,NULL,10-4030-016742,16742,16342,NULL,9,26228,26228,1,10308,1234554Vi53189,717,3578.27,286.2616,89.4568,3953.9884,NULL,...,"2001-09-01 00:00:00"
44042,1,"2001-08-26 00:00:00","2001-09-07 00:00:00","2001-09-02 00:00:00",5,1,SO44042,NULL,10-4030-013678,13678,3661,NULL,10,13496,13496,1,10199,931017Vi52610,737,3578.27,286.2616,89.4568,3953.9884,NULL,...,"2001-09-02 00:00:00"
44043,1,"2001-08-26 00:00:00","2001-09-07 00:00:00","2001-09-02 00:00:00",5,1,SO44043,NULL,10-4030-013679,13679,16843,NULL,10,26729,26729,1,9615,531019Vi49554,737,3578.27,286.2616,89.4568,3953.9884,NULL,...,"2001-09-02 00:00:00"
44044,1,"2001-08-26 00:00:00","2001-09-07 00:00:00","2001-09-02 00:00:00",5,1,SO44044,NULL,10-4030-013690,13690,5079,NULL,10,14914,14914,1,10386,931026Vi53564,737,3578.27,286.2616,89.4568,3953.9884,NULL,...,"2001-09-02 00:00:00"
44045,1,"2001-08-26 00:00:00","2001-09-07 00:00:00","2001-09-02 00:00:00",5,1,SO44045,NULL,10-4030-028394,28394,11137,NULL,7,21007,21007,1,6432,231744Vi33376,736,3399.99,271.9992,84.9998,3756.989,NULL,...,"2001-09-02 00:00:00"
44046,1,"2001-08-26 00:00:00","2001-09-07 00:00:00","2001-09-02 00:00:00",5,1,SO44046,NULL,10-4030-028064,28064,11120,NULL,1,20990,20990,1,9195,631887Vi47443,NULL,3578.27,286.2616,89.4568,3953.9884,NULL,...,"2001-09-02 00:00:00"
44047,1,"2001-08-26 00:00:00","2001-09-07 00:00:00","2001-09-02 00:00:00",5,1,SO44047,NULL,10-4030-025878,25878,18469,NULL,4,28360,28360,1,9227,1033263Vi47600,NULL,3399.99,271.9992,84.9998,3756.989,NULL,...,"2001-09-02 00:00:00"
44048,1,"2001-08-26 00:00:00","2001-09-07 00:00:00","2001-09-02 00:00:00",5,1,SO44048,NULL,10-4030-016713,16713,16394,NULL,9,26280,26280,1,6347,434551Vi32954,730,3578.27,286.2616,89.4568,3953.9884,NULL,...,"2001-09-02 00:00:00"
44049,1,"2001-08-27 00:00:00","2001-09-08 00:00:00","2001-09-03 00:00:00",5,1,SO44049,NULL,10-4030-013538,13538,6599,NULL,8,16438,16438,1,560,531134Vi2901,747,3578.27,286.2616,89.4568,3953.9884,NULL,...,"2001-09-03 00:00:00"
44050,1,"2001-08-27 00:00:00","2001-09-08 00:00:00","2001-09-03 00:00:00",5,1,SO44050,NULL,10-4030-017050,17050,7920,NULL,9,17773,17773,1,5892,533638Vi30764,743,3578.27,286.2616,89.4568,3953.9884,NULL,...,"2001-09-03 00:00:00"
44051,1,"2001-08-28 00:00:00","2001-09-09 00:00:00","2001-09-04 00:00:00",5,1,SO44051,NULL,10-4030-013691,13691,8053,NULL,10,17906,17906,1,527,531030Vi2723,763,3578.27,286.2616,89.4568,3953.9884,NULL,...,"2001-09-04 00:00:00"
44052,1,"2001-08-28 00:00:00","2001-09-09 00:00:00","2001-09-04 00:00:00",5,1,SO44052,NULL,10-4030-016637,16637,16215,NULL,9,26101,26101,1,16022,1034636Vi82830,756,3578.27,286.2616,89.4568,3953.9884,NULL,...,"2001-09-04 00:00:00"
44053,1,"2001-08-29 00:00:00","2001-09-10 00:00:00","2001-09-05 00:00:00",5,1,SO44053,NULL,10-4030-019329,19329,14663,NULL,8,24536,24536,1,17376,1030404Vi90264,773,699.0982,55.9279,17.4775,772.5036,NULL,...,"2001-09-05 00:00:00"
44054,1,"2001-08-29 00:00:00","2001-09-10 00:00:00","2001-09-05 00:00:00",5,1,SO44054,NULL,10-4030-013542,13542,7718,NULL,8,17571,17571,1,7682,731020Vi39787,773,3578.27,286.2616,89.4568,3953.9884,NULL,...,"2001-09-05 00:00:00"
44055,1,"2001-08-29 00:00:00","2001-09-10 00:00:00","2001-09-05 00:00:00",5,1,SO44055,NULL,10-4030-013543,13543,19366,NULL,8,29271,29271,1,NULL,NULL,773,3578.27,286.2616,89.4568,3953.9884,NULL,...,"2001-09-05 00:00:00"
44056,1,"2001-08-29 00:00:00","2001-09-10 00:00:00","2001-09-05 00:00:00",5,1,SO44056,NULL,10-4030-013559,13559,13327,NULL,8,23197,23197,1,11757,131032Vi60794,773,3578.27,286.2616,89.4568,3953.9884,NULL,...,"2001-09-05 00:00:00"
44057,1,"2001-08-29 00:00:00","2001-09-10 00:00:00","2001-09-05 00:00:00",5,1,SO44057,NULL,10-4030-014577,14577,1885,NULL,1,11705,11705,1,18925,133801Vi98320,NULL,699.0982,55.9279,17.4775,772.5036,NULL,...,"2001-09-05 00:00:00"
44058,1,"2001-08-29 00:00:00","2001-09-10 00:00:00","2001-09-05 00:00:00",5,1,SO44058,NULL,10-4030-011056,11056,7628,NULL,9,17481,17481,1,5295,934128Vi27666,769,3374.99,269.9992,84.3748,3729.364,NULL,...,"2001-09-05 00:00:00"
44059,1,"2001-08-29 00:00:00","2001-09-10 00:00:00","2001-09-05 00:00:00",5,1,SO44059,NULL,10-4030-016688,16688,9615,NULL,9,19474,19474,1,4476,834541Vi23459,769,3578.27,286.2616,89.4568,3953.9884,NULL,...,"2001-09-05 00:00:00"
44060,1,"2001-08-29 00:00:00","2001-09-10 00:00:00","2001-09-05 00:00:00",5,1,SO44060,NULL,10-4030-025273,25273,4362,NULL,9,14197,14197,1,1032,935431Vi5156,769,699.0982,55.9279,17.4775,772.5036,NULL,...,"2001-09-05 00:00:00"
44061,1,"2001-08-30 00:00:00","2001-09-11 00:00:00","2001-09-06 00:00:00",5,1,SO44061,NULL,10-4030-027919,27919,5789,NULL,1,15624,15624,1,2726,630216Vi14177,NULL,3578.27,286.2616,89.4568,3953.9884,NULL,...,"2001-09-06 00:00:00"
44062,1,"2001-08-30 00:00:00","2001-09-11 00:00:00","2001-09-06 00:00:00",5,1,SO44062,NULL,10-4030-028041,28041,9763,NULL,1,19623,19623,1,11488,730229Vi59299,NULL,3578.27,286.2616,89.4568,3953.9884,NULL,...,"2001-09-06 00:00:00"
44063,1,"2001-08-30 00:00:00","2001-09-11 00:00:00","2001-09-06 00:00:00",5,1,SO44063,NULL,10-4030-011240,11240,13559,NULL,10,23429,23429,1,4428,831740Vi23273,789,3399.99,271.9992,84.9998,3756.989,NULL,...,"2001-09-06 00:00:00"
44064,1,"2001-08-30 00:00:00","2001-09-11 00:00:00","2001-09-06 00:00:00",5,1,SO44064,NULL,10-4030-022050,22050,14376,NULL,6,24246,24246,1,9426,331884Vi48611,784,3578.27,286.2616,89.4568,3953.9884,NULL,...,"2001-09-06 00:00:00"
44065,1,"2001-08-30 00:00:00","2001-09-11 00:00:00","2001-09-06 00:00:00",5,1,SO44065,NULL,10-4030-028062,28062,3638,NULL,4,13473,13473,1,5660,231885Vi29607,NULL,3578.27,286.2616,89.4568,3953.9884,NULL,...,"2001-09-06 00:00:00"
44066,1,"2001-08-30 00:00:00","2001-09-11 00:00:00","2001-09-06 00:00:00",5,1,SO44066,NULL,10-4030-025867,25867,15645,NULL,4,25529,25529,1,11278,1133260Vi58154,NULL,3399.99,271.9992,84.9998,3756.989,NULL,...,"2001-09-06 00:00:00"
44067,1,"2001-08-30 00:00:00","2001-09-11 00:00:00","2001-09-06 00:00:00",5,1,SO44067,NULL,10-4030-017049,17049,16569,NULL,9,26455,26455,1,13521,633637Vi70050,782,3578.27,286.2616,89.4568,3953.9884,NULL,...,"2001-09-06 00:00:00"
44068,1,"2001-08-31 00:00:00","2001-09-12 00:00:00","2001-09-07 00:00:00",5,1,SO44068,NULL,10-4030-013541,13541,8146,NULL,8,17999,17999,1,10181,231018Vi52538,799,3578.27,286.2616,89.4568,3953.9884,NULL,...,"2001-09-07 00:00:00"
44069,1,"2001-08-31 00:00:00","2001-09-12 00:00:00","2001-09-07 00:00:00",5,1,SO44069,NULL,10-4030-028395,28395,19340,NULL,7,29244,29244,1,NULL,NULL,801,3374.99,269.9992,84.3748,3729.364,NULL,...,"2001-09-07 00:00:00"
44070,1,"2001-08-31 00:00:00","2001-09-12 00:00:00","2001-09-07 00:00:00",5,1,SO44070,NULL,10-4030-019829,19829,3476,NULL,6,13311,13311,1,16488,233264Vi85352,797,3374.99,269.9992,84.3748,3729.364,NULL,...,"2001-09-07 00:00:00"
44071,1,"2001-08-31 00:00:00","2001-09-12 00:00:00","2001-09-07 00:00:00",5,1,SO44071,NULL,10-4030-016691,16691,14247,NULL,9,24117,24117,1,4758,834542Vi24974,795,3578.27,286.2616,89.4568,3953.9884,NULL,...,"2001-09-07 00:00:00"
44072,1,"2001-08-31 00:00:00","2001-09-12 00:00:00","2001-09-07 00:00:00",5,1,SO44072,NULL,10-4030-016656,16656,4758,NULL,9,14593,14593,1,11841,634639Vi61177,795,3578.27,286.2616,89.4568,3953.9884,NULL,...,"2001-09-07 00:00:00"
44073,1,"2001-08-31 00:00:00","2001-09-12 00:00:00","2001-09-07 00:00:00",5,1,SO44073,NULL,10-4030-011044,11044,4444,NULL,9,14279,14279,1,15467,835117Vi79877,795,3374.99,269.9992,84.3748,3729.364,NULL,...,"2001-09-07 00:00:00"
44074,1,"2001-09-01 00:00:00","2001-09-13 00:00:00","2001-09-08 00:00:00",5,0,SO44074,PO20213115982,10-4020-000216,216,127,275,2,778,778,5,17368,125058Vi90218,NULL,1012.3201,80.9856,25.308,1118.6137,NULL,...,"2001-09-08 00:00:00"
44075,1,"2001-09-01 00:00:00","2001-09-13 00:00:00","2001-09-08 00:00:00",5,0,SO44075,PO20155139653,10-4020-000092,92,171,283,1,843,843,5,13278,115078Vi68861,NULL,31734.4314,2538.7545,793.3608,35066.5467,NULL,...,"2001-09-08 00:00:00"
44076,1,"2001-09-01 00:00:00","2001-09-13 00:00:00","2001-09-08 00:00:00",5,0,SO44076,PO19720140502,10-4020-000562,562,573,277,3,620,620,5,15448,75088Vi79780,NULL,4895.9856,391.6788,122.3996,5410.064,NULL,...,"2001-09-08 00:00:00"
44077,1,"2001-09-01 00:00:00","2001-09-13 00:00:00","2001-09-08 00:00:00",5,0,SO44077,PO19401178507,10-4020-000173,173,261,282,6,473,473,5,6065,45149Vi31551,810,7310.9186,584.8735,182.773,8078.5651,NULL,...,"2001-09-08 00:00:00"
44078,1,"2001-09-01 00:00:00","2001-09-13 00:00:00","2001-09-08 00:00:00",5,0,SO44078,PO19169159771,10-4020-000272,272,161,283,1,863,863,5,7829,95168Vi40533,NULL,33777.2501,2702.18,844.4313,37323.8614,NULL,...,"2001-09-08 00:00:00"
44079,1,"2001-09-01 00:00:00","2001-09-13 00:00:00","2001-09-08 00:00:00",5,0,SO44079,PO19488118734,10-4020-000057,57,534,277,3,565,565,5,19011,65211Vi98768,NULL,30844.8636,2467.5891,771.1216,34083.5743,NULL,...,"2001-09-08 00:00:00"
44080,1,"2001-09-01 00:00:00","2001-09-13 00:00:00","2001-09-08 00:00:00",5,0,SO44080,PO18937118744,10-4020-000439,439,280,276,4,1062,1062,5,7604,55229Vi39391,NULL,12.35,0.988,0.3088,13.6468,NULL,...,"2001-09-08 00:00:00"
44081,1,"2001-09-01 00:00:00","2001-09-13 00:00:00","2001-09-08 00:00:00",5,0,SO44081,PO18299115585,10-4020-000118,118,516,282,6,463,463,5,5110,105343Vi26747,810,45144.525,3611.562,1128.6131,49884.7001,NULL,...,"2001-09-08 00:00:00"
44082,1,"2001-09-01 00:00:00","2001-09-13 00:00:00","2001-09-08 00:00:00",5,0,SO44082,PO17690137364,10-4020-000047,47,354,268,6,452,452,5,8552,125349Vi44231,810,2447.9928,195.8394,61.1998,2705.032,NULL,...,"2001-09-08 00:00:00"
44083,1,"2001-09-01 00:00:00","2001-09-13 00:00:00","2001-09-08 00:00:00",5,0,SO44083,PO17719115878,10-4020-000631,631,537,278,6,548,548,5,7454,55359Vi38653,810,1626.8283,130.1463,40.6707,1797.6453,NULL,...,"2001-09-08 00:00:00"
44084,1,"2001-09-01 00:00:00","2001-09-13 00:00:00","2001-09-08 00:00:00",5,0,SO44084,PO17835143404,10-4020-000551,551,11,282,6,537,537,5,17600,15361Vi91370,810,9755.9712,780.4777,243.8993,10780.3482,NULL,...,"2001-09-08 00:00:00"
44085,1,"2001-09-01 00:00:00","2001-09-13 00:00:00","2001-09-08 00:00:00",5,0,SO44085,PO17545192039,10-4020-000155,155,179,282,6,470,470,5,4357,85389Vi22856,810,24765.8721,1981.2698,619.1468,27366.2887,NULL,...,"2001-09-08 00:00:00"
44086,1,"2001-09-01 00:00:00","2001-09-13 00:00:00","2001-09-08 00:00:00",5,0,SO44086,PO17574175064,10-4020-000678,678,269,282,6,555,555,5,12698,65401Vi65677,810,88857.9714,7108.6377,2221.4493,98188.0584,NULL,...,"2001-09-08 00:00:00"
44087,1,"2001-09-01 00:00:00","2001-09-13 00:00:00","2001-09-08 00:00:00",5,0,SO44087,PO16095130285,10-4020-000096,96,509,276,4,1004,1004,5,8033,15594Vi41642,NULL,6033.0572,482.6446,150.8264,6666.5282,NULL,...,"2001-09-08 00:00:00"
44088,1,"2001-09-01 00:00:00","2001-09-13 00:00:00","2001-09-08 00:00:00",5,0,SO44088,PO16269137565,10-4020-000624,624,396,281,4,1094,1094,5,11056,105604Vi57044,NULL,503.3507,40.2681,12.5838,556.2026,NULL,...,"2001-09-08 00:00:00"
44089,1,"2001-09-01 00:00:00","2001-09-13 00:00:00","2001-09-08 00:00:00",5,0,SO44089,PO15950135717,10-4020-000114,114,217,276,4,1007,1007,5,18407,95639Vi95621,NULL,2516.7535,201.3403,62.9188,2781.0126,NULL,...,"2001-09-08 00:00:00"
44090,1,"2001-09-01 00:00:00","2001-09-13 00:00:00","2001-09-08 00:00:00",5,0,SO44090,PO15834170093,10-4020-000417,417,202,277,4,605,605,5,17935,95655Vi93027,NULL,7934.8605,634.7888,198.3715,8768.0208,NULL,...,"2001-09-08 00:00:00"
44091,1,"2001-09-01 00:00:00","2001-09-13 00:00:00","2001-09-08 00:00:00",5,0,SO44091,PO15863179138,10-4020-000545,545,477,281,4,1079,1079,5,16253,45659Vi84045,NULL,5363.8985,429.1119,134.0975,5927.1079,NULL,...,"2001-09-08 00:00:00"
44092,1,"2001-09-01 00:00:00","2001-09-13 00:00:00","2001-09-08 00:00:00",5,0,SO44092,PO15167143312,10-4020-000273,273,870,277,4,589,589,5,7126,115751Vi36971,NULL,4923.6937,393.8955,123.0923,5440.6815,NULL,...,"2001-09-08 00:00:00"
44093,1,"2001-09-01 00:00:00","2001-09-13 00:00:00","2001-09-08 00:00:00",5,0,SO44093,PO15138128112,10-4020-000093,93,255,277,4,569,569,5,3047,15752Vi16032,NULL,12773.6575,1021.8926,319.3414,14114.8915,NULL,...,"2001-09-08 00:00:00"
44094,1,"2001-09-01 00:00:00","2001-09-13 00:00:00","2001-09-08 00:00:00",5,0,SO44094,PO14877175150,10-4020-000172,172,258,282,6,472,472,5,17062,15779Vi88581,810,4895.9856,391.6788,122.3996,5410.064,NULL,...,"2001-09-08 00:00:00"
44095,1,"2001-09-01 00:00:00","2001-09-13 00:00:00","2001-09-08 00:00:00",5,0,SO44095,PO14964184959,10-4020-000581,581,296,281,4,1085,1085,5,11555,55792Vi59695,NULL,50932.6631,4074.613,1273.3166,56280.5927,NULL,...,"2001-09-08 00:00:00"
44096,1,"2001-09-01 00:00:00","2001-09-13 00:00:00","2001-09-08 00:00:00",5,0,SO44096,PO13920114195,10-4020-000180,180,198,275,3,774,774,5,14064,65876Vi72956,NULL,9755.9712,780.4777,243.8993,10780.3482,NULL,...,"2001-09-08 00:00:00"
44097,1,"2001-09-01 00:00:00","2001-09-13 00:00:00","2001-09-08 00:00:00",5,0,SO44097,PO14268131774,10-4020-000418,418,191,277,3,606,606,5,19154,45879Vi99543,NULL,7240.0767,579.2061,181.0019,8000.2847,NULL,...,"2001-09-08 00:00:00"
44098,1,"2001-09-01 00:00:00","2001-09-13 00:00:00","2001-09-08 00:00:00",5,0,SO44098,PO13746121367,10-4020-000567,567,22,279,5,973,973,5,18100,25956Vi93868,NULL,19640.9999,1571.28,491.025,21703.3049,NULL,...,"2001-09-08 00:00:00"
44099,1,"2001-09-01 00:00:00","2001-09-13 00:00:00","2001-09-08 00:00:00",5,0,SO44099,PO13717176693,10-4020-000473,473,457,281,4,1066,28,5,11215,15961Vi57849,NULL,14995.9718,1199.6777,374.8993,16570.5488,NULL,...,"2001-09-08 00:00:00"
44100,1,"2001-09-01 00:00:00","2001-09-13 00:00:00","2001-09-08 00:00:00",5,0,SO44100,PO13543119495,10-4020-000293,293,237,281,1,1036,1036,5,7392,106031Vi38330,NULL,98558.2649,7884.6612,2463.9566,108906.8827,NULL,...,"2001-09-08 00:00:00"
44101,1,"2001-09-01 00:00:00","2001-09-13 00:00:00","2001-09-08 00:00:00",5,0,SO44101,PO11977181307,10-4020-000675,675,268,279,5,984,984,5,19078,86199Vi99116,NULL,11765.8332,941.2667,294.1458,13001.2457,NULL,...,"2001-09-08 00:00:00"
44102,1,"2001-09-01 00:00:00","2001-09-13 00:00:00","2001-09-08 00:00:00",5,0,SO44102,PO11426145969,10-4020-000386,386,225,279,5,950,950,5,17658,96269Vi91631,NULL,4206.6395,336.5312,105.166,4648.3367,NULL,...,"2001-09-08 00:00:00"
44103,1,"2001-09-01 00:00:00","2001-09-13 00:00:00","2001-09-08 00:00:00",5,0,SO44103,PO11107175113,10-4020-000156,156,111,278,6,471,471,5,319,16306Vi1621,810,4572.6374,365.811,114.3159,5052.7643,NULL,...,"2001-09-08 00:00:00"
44104,1,"2001-09-01 00:00:00","2001-09-13 00:00:00","2001-09-08 00:00:00",5,0,SO44104,PO10585171940,10-4020-000498,498,303,278,6,528,528,5,6955,26435Vi36178,810,4895.9856,391.6788,122.3996,5410.064,NULL,...,"2001-09-08 00:00:00"
44105,1,"2001-09-01 00:00:00","2001-09-13 00:00:00","2001-09-08 00:00:00",5,0,SO44105,PO10382117173,10-4020-000453,453,318,277,3,609,609,5,17132,76451Vi88949,NULL,7320.3284,585.6263,183.0082,8088.9629,NULL,...,"2001-09-08 00:00:00"
44106,1,"2001-09-01 00:00:00","2001-09-13 00:00:00","2001-09-08 00:00:00",5,0,SO44106,PO319178820,10-4020-000116,116,845,279,5,920,920,5,7079,66465Vi36728,NULL,503.3507,40.2681,12.5838,556.2026,NULL,...,"2001-09-08 00:00:00"
44107,1,"2001-09-01 00:00:00","2001-09-13 00:00:00","2001-09-08 00:00:00",5,0,SO44107,PO261177749,10-4020-000647,647,887,277,4,630,630,5,7160,96487Vi37174,NULL,19442.6703,1555.4136,486.0668,21484.1507,NULL,...,"2001-09-08 00:00:00"
44108,1,"2001-09-01 00:00:00","2001-09-13 00:00:00","2001-09-08 00:00:00",5,0,SO44108,PO667110590,10-4020-000365,365,232,281,4,1048,1048,5,7092,46582Vi36784,NULL,2602.8563,208.2285,65.0714,2876.1562,NULL,...,"2001-09-08 00:00:00"
44109,1,"2001-09-01 00:00:00","2001-09-13 00:00:00","2001-09-08 00:00:00",5,0,SO44109,PO783112882,10-4020-000091,91,484,280,1,842,842,5,5220,56591Vi27302,NULL,16619.186,1329.5349,415.4797,18364.2006,NULL,...,"2001-09-08 00:00:00"
44110,1,"2001-09-01 00:00:00","2001-09-13 00:00:00","2001-09-08 00:00:00",5,0,SO44110,PO1624152036,10-4020-000579,579,3,277,3,621,621,5,15369,46636Vi79380,NULL,20008.5804,1600.6864,500.2145,22109.4813,NULL,...,"2001-09-08 00:00:00"
44111,1,"2001-09-01 00:00:00","2001-09-13 00:00:00","2001-09-08 00:00:00",5,0,SO44111,PO1740120267,10-4020-000460,460,287,282,6,520,520,5,18813,126720Vi97739,810,13973.2619,1117.861,349.3315,15440.4544,NULL,...,"2001-09-08 00:00:00"
44112,1,"2001-09-01 00:00:00","2001-09-13 00:00:00","2001-09-08 00:00:00",5,0,SO44112,PO1885183650,10-4020-000588,588,189,278,6,544,544,5,778,126735Vi3956,810,38933.8848,3114.7108,973.3471,43021.9427,NULL,...,"2001-09-08 00:00:00"
44113,1,"2001-09-01 00:00:00","2001-09-13 00:00:00","2001-09-08 00:00:00",5,0,SO44113,PO2697181021,10-4020-000187,187,503,276,4,1020,1020,5,12933,96824Vi66885,NULL,48675.6342,3894.0507,1216.8909,53786.5758,NULL,...,"2001-09-08 00:00:00"
44114,1,"2001-09-01 00:00:00","2001-09-13 00:00:00","2001-09-08 00:00:00",5,0,SO44114,PO3190199320,10-4020-000575,575,294,275,2,817,817,5,7146,106925Vi37077,NULL,40263.8194,3221.1056,1006.5955,44491.5205,NULL,...,"2001-09-08 00:00:00"
44115,1,"2001-09-01 00:00:00","2001-09-13 00:00:00","2001-09-08 00:00:00",5,0,SO44115,PO3248122509,10-4020-000366,366,43,276,4,1049,1049,5,14486,48008Vi75127,NULL,80431.7294,6434.5384,2010.7932,88877.061,NULL,...,"2001-09-08 00:00:00"
44116,1,"2001-09-01 00:00:00","2001-09-13 00:00:00","2001-09-08 00:00:00",5,0,SO44116,PO4089171650,10-4020-000368,368,231,279,5,948,948,5,17669,88051Vi91685,NULL,24420.278,1953.6222,610.507,26984.4072,NULL,...,"2001-09-08 00:00:00"
44117,1,"2001-09-01 00:00:00","2001-09-13 00:00:00","2001-09-08 00:00:00",5,0,SO44117,PO4408172413,10-4020-000143,143,115,275,2,769,769,5,4524,28055Vi23704,NULL,15519.2594,1241.5408,387.9815,17148.7817,NULL,...,"2001-09-08 00:00:00"
44118,1,"2001-09-01 00:00:00","2001-09-13 00:00:00","2001-09-08 00:00:00",5,0,SO44118,PO4147180314,10-4020-000222,222,440,276,3,1025,11381,5,18707,78063Vi97267,NULL,4112.9084,329.0327,102.8227,4544.7638,NULL,...,"2001-09-08 00:00:00"
44119,1,"2001-09-01 00:00:00","2001-09-13 00:00:00","2001-09-08 00:00:00",5,0,SO44119,PO4640166555,10-4020-000648,648,388,281,4,1097,1097,5,18418,118109Vi95680,NULL,58873.7931,4709.9034,1471.8448,65055.5413,NULL,...,"2001-09-08 00:00:00"
44120,1,"2001-09-01 00:00:00","2001-09-13 00:00:00","2001-09-08 00:00:00",5,0,SO44120,PO5597155510,10-4020-000075,75,249,277,4,567,567,5,18496,48187Vi96071,NULL,32462.5044,2597.0004,811.5626,35871.0674,NULL,...,"2001-09-08 00:00:00"
44121,1,"2001-09-01 00:00:00","2001-09-13 00:00:00","2001-09-08 00:00:00",5,0,SO44121,PO5220129819,10-4020-000169,169,257,276,1,1017,1017,5,12214,128195Vi63164,NULL,77908.2533,6232.6603,1947.7063,86088.6199,NULL,...,"2001-09-08 00:00:00"
44122,1,"2001-09-01 00:00:00","2001-09-13 00:00:00","2001-09-08 00:00:00",5,0,SO44122,PO5307162091,10-4020-000369,369,36,279,5,949,949,5,4215,98242Vi22195,NULL,4877.9856,390.2388,121.9496,5390.174,NULL,...,"2001-09-08 00:00:00"
44123,1,"2001-09-01 00:00:00","2001-09-13 00:00:00","2001-09-08 00:00:00",5,0,SO44123,PO6322187277,10-4020-000503,503,15,275,2,809,809,5,13601,28361Vi70508,NULL,1049.7528,83.9802,26.2438,1159.9768,NULL,...,"2001-09-08 00:00:00"
44124,1,"2001-09-01 00:00:00","2001-09-13 00:00:00","2001-09-08 00:00:00",5,0,SO44124,PO6786110112,10-4020-000003,3,176,277,4,559,559,5,5164,38409Vi26986,NULL,18555.8149,1484.4652,463.8954,20504.1755,NULL,...,"2001-09-08 00:00:00"
44125,1,"2001-09-01 00:00:00","2001-09-13 00:00:00","2001-09-08 00:00:00",5,0,SO44125,PO6873116192,10-4020-000238,238,429,277,3,586,586,5,8882,128417Vi45799,NULL,3123.0631,249.845,78.0766,3450.9847,NULL,...,"2001-09-08 00:00:00"
44126,1,"2001-09-01 00:00:00","2001-09-13 00:00:00","2001-09-08 00:00:00",5,0,SO44126,PO7192167220,10-4020-000020,20,363,283,1,835,835,5,7845,58441Vi40596,NULL,17112.8246,1369.026,427.8206,18909.6712,NULL,...,"2001-09-08 00:00:00"
44127,1,"2001-09-01 00:00:00","2001-09-13 00:00:00","2001-09-08 00:00:00",5,0,SO44127,PO7569162058,10-4020-000608,608,94,281,4,1091,1091,5,7293,98464Vi37844,NULL,109630.4963,8770.4397,2740.7624,121141.6984,NULL,...,"2001-09-08 00:00:00"
44128,1,"2001-09-01 00:00:00","2001-09-13 00:00:00","2001-09-08 00:00:00",5,0,SO44128,PO9541192839,10-4020-000279,279,868,279,5,939,939,5,17915,38682Vi92926,NULL,22213.936,1777.1149,555.3484,24546.3993,NULL,...,"2001-09-08 00:00:00"
44129,1,"2001-09-01 00:00:00","2001-09-13 00:00:00","2001-09-08 00:00:00",5,0,SO44129,PO9483186106,10-4020-000054,54,533,275,2,760,760,5,3788,48719Vi19942,NULL,66909.8758,5352.7901,1672.7469,73935.4128,NULL,...,"2001-09-08 00:00:00"
44130,1,"2001-09-01 00:00:00","2001-09-13 00:00:00","2001-09-08 00:00:00",5,0,SO44130,PO9106111486,10-4020-000602,602,182,279,5,976,976,5,7600,128723Vi39373,NULL,42580.7278,3406.4582,1064.5182,47051.7042,NULL,...,"2001-09-08 00:00:00"
44131,1,"2001-09-01 00:00:00","2001-09-13 00:00:00","2001-09-08 00:00:00",5,0,SO44131,PO9019194963,10-4020-000576,576,4,275,2,818,818,5,8010,68736Vi41477,NULL,24581.5272,1966.5222,614.5382,27162.5876,NULL,...,"2001-09-08 00:00:00"
44132,1,"2001-09-01 00:00:00","2001-09-13 00:00:00","2001-09-08 00:00:00",5,0,SO44132,PO9570191688,10-4020-000585,585,1,279,5,975,975,5,NULL,NULL,NULL,4859.9856,388.7988,121.4996,5370.284,NULL,...,"2001-09-08 00:00:00"
44133,1,"2001-09-01 00:00:00","2001-09-13 00:00:00","2001-09-08 00:00:00",5,0,SO44133,PO9599144193,10-4020-000170,170,262,279,5,926,926,5,18875,88756Vi98048,NULL,30862.1684,2468.9735,771.5542,34102.6961,NULL,...,"2001-09-08 00:00:00"
44134,1,"2001-09-01 00:00:00","2001-09-13 00:00:00","2001-09-08 00:00:00",5,1,SO44134,NULL,10-4030-013821,13821,15069,NULL,10,24945,24945,1,18596,1031049Vi96646,815,3578.27,286.2616,89.4568,3953.9884,NULL,...,"2001-09-08 00:00:00"
44135,1,"2001-09-01 00:00:00","2001-09-13 00:00:00","2001-09-08 00:00:00",5,1,SO44135,NULL,10-4030-028156,28156,10065,NULL,4,19928,19928,1,18155,231795Vi94135,NULL,3578.27,286.2616,89.4568,3953.9884,NULL,...,"2001-09-08 00:00:00"
44136,1,"2001-09-01 00:00:00","2001-09-13 00:00:00","2001-09-08 00:00:00",5,1,SO44136,NULL,10-4030-022114,22114,3994,NULL,6,13829,13829,1,12023,531807Vi62143,810,3578.27,286.2616,89.4568,3953.9884,NULL,...,"2001-09-08 00:00:00"
44137,1,"2001-09-01 00:00:00","2001-09-13 00:00:00","2001-09-08 00:00:00",5,1,SO44137,NULL,10-4030-017328,17328,7722,NULL,9,17575,17575,1,1885,435392Vi9773,808,3578.27,286.2616,89.4568,3953.9884,NULL,...,"2001-09-08 00:00:00"
44138,1,"2001-09-02 00:00:00","2001-09-14 00:00:00","2001-09-09 00:00:00",5,1,SO44138,NULL,10-4030-013765,13765,8635,NULL,10,18488,18488,1,17637,131033Vi91514,828,3578.27,286.2616,89.4568,3953.9884,NULL,...,"2001-09-09 00:00:00"
44139,1,"2001-09-02 00:00:00","2001-09-14 00:00:00","2001-09-09 00:00:00",5,1,SO44139,NULL,10-4030-013792,13792,4052,NULL,10,13887,13887,1,8864,331042Vi45733,828,3578.27,286.2616,89.4568,3953.9884,NULL,...,"2001-09-09 00:00:00"
44140,1,"2001-09-02 00:00:00","2001-09-14 00:00:00","2001-09-09 00:00:00",5,1,SO44140,NULL,10-4030-012221,12221,17669,NULL,7,27557,27557,1,15063,631050Vi77929,827,3578.27,286.2616,89.4568,3953.9884,NULL,...,"2001-09-09 00:00:00"
44141,1,"2001-09-02 00:00:00","2001-09-14 00:00:00","2001-09-09 00:00:00",5,1,SO44141,NULL,10-4030-013572,13572,16279,NULL,8,26165,26165,1,11954,331052Vi61800,825,3578.27,286.2616,89.4568,3953.9884,NULL,...,"2001-09-09 00:00:00"
44142,1,"2001-09-02 00:00:00","2001-09-14 00:00:00","2001-09-09 00:00:00",5,1,SO44142,NULL,10-4030-022058,22058,11279,NULL,6,21149,21149,1,9271,531899Vi47843,823,3578.27,286.2616,89.4568,3953.9884,NULL,...,"2001-09-09 00:00:00"
44143,1,"2001-09-02 00:00:00","2001-09-14 00:00:00","2001-09-09 00:00:00",5,1,SO44143,NULL,10-4030-028145,28145,17633,NULL,4,27521,27521,1,10701,1031905Vi55203,NULL,3578.27,286.2616,89.4568,3953.9884,NULL,...,"2001-09-09 00:00:00"
44144,1,"2001-09-02 00:00:00","2001-09-14 00:00:00","2001-09-09 00:00:00",5,1,SO44144,NULL,10-4030-017071,17071,11129,NULL,9,20999,20999,1,9421,634453Vi48589,821,3578.27,286.2616,89.4568,3953.9884,NULL,...,"2001-09-09 00:00:00"
44145,1,"2001-09-02 00:00:00","2001-09-14 00:00:00","2001-09-09 00:00:00",5,1,SO44145,NULL,10-4030-017309,17309,19921,NULL,9,29827,29827,1,NULL,NULL,821,3578.27,286.2616,89.4568,3953.9884,NULL,...,"2001-09-09 00:00:00"
44146,1,"2001-09-02 00:00:00","2001-09-14 00:00:00","2001-09-09 00:00:00",5,1,SO44146,NULL,10-4030-017310,17310,11667,NULL,9,21537,21537,1,6938,735387Vi36107,821,3578.27,286.2616,89.4568,3953.9884,NULL,...,"2001-09-09 00:00:00"
44147,1,"2001-09-02 00:00:00","2001-09-14 00:00:00","2001-09-09 00:00:00",5,1,SO44147,NULL,10-4030-017320,17320,16521,NULL,9,26407,26407,1,5943,635390Vi30960,821,3578.27,286.2616,89.4568,3953.9884,NULL,...,"2001-09-09 00:00:00"
44148,1,"2001-09-03 00:00:00","2001-09-15 00:00:00","2001-09-10 00:00:00",5,1,SO44148,NULL,10-4030-028172,28172,4051,NULL,4,13886,13886,1,11199,331806Vi57781,NULL,3578.27,286.2616,89.4568,3953.9884,NULL,...,"2001-09-10 00:00:00"
44149,1,"2001-09-03 00:00:00","2001-09-15 00:00:00","2001-09-10 00:00:00",5,1,SO44149,NULL,10-4030-017242,17242,4534,NULL,9,14369,14369,1,1825,634460Vi9430,834,3578.27,286.2616,89.4568,3953.9884,NULL,...,"2001-09-10 00:00:00"
44150,1,"2001-09-03 00:00:00","2001-09-15 00:00:00","2001-09-10 00:00:00",5,1,SO44150,NULL,10-4030-017315,17315,9198,NULL,9,19054,19054,1,11287,535389Vi58216,834,3578.27,286.2616,89.4568,3953.9884,NULL,...,"2001-09-10 00:00:00"
44151,1,"2001-09-03 00:00:00","2001-09-15 00:00:00","2001-09-10 00:00:00",5,1,SO44151,NULL,10-4030-025558,25558,17580,NULL,9,27468,27468,1,11451,635436Vi59062,834,699.0982,55.9279,17.4775,772.5036,NULL,...,"2001-09-10 00:00:00"
44152,1,"2001-09-04 00:00:00","2001-09-16 00:00:00","2001-09-11 00:00:00",5,1,SO44152,NULL,10-4030-011334,11334,10635,NULL,10,20502,20502,1,4342,931749Vi22779,854,3399.99,271.9992,84.9998,3756.989,NULL,...,"2001-09-11 00:00:00"
44153,1,"2001-09-04 00:00:00","2001-09-16 00:00:00","2001-09-11 00:00:00",5,1,SO44153,NULL,10-4030-028168,28168,7865,NULL,4,17718,17718,1,8586,931803Vi44386,NULL,3578.27,286.2616,89.4568,3953.9884,NULL,...,"2001-09-11 00:00:00"
44154,1,"2001-09-04 00:00:00","2001-09-16 00:00:00","2001-09-11 00:00:00",5,1,SO44154,NULL,10-4030-028181,28181,10040,NULL,1,19903,19903,1,12835,731809Vi66372,NULL,3578.27,286.2616,89.4568,3953.9884,NULL,...,"2001-09-11 00:00:00"
44155,1,"2001-09-04 00:00:00","2001-09-16 00:00:00","2001-09-11 00:00:00",5,1,SO44155,NULL,10-4030-028131,28131,17419,NULL,4,27306,27306,1,11919,431903Vi61580,NULL,3578.27,286.2616,89.4568,3953.9884,NULL,...,"2001-09-11 00:00:00"
44156,1,"2001-09-04 00:00:00","2001-09-16 00:00:00","2001-09-11 00:00:00",5,1,SO44156,NULL,10-4030-025887,25887,14976,NULL,1,24851,24851,1,17511,133268Vi90949,NULL,3399.99,271.9992,84.9998,3756.989,NULL,...,"2001-09-11 00:00:00"
44157,1,"2001-09-04 00:00:00","2001-09-16 00:00:00","2001-09-11 00:00:00",5,1,SO44157,NULL,10-4030-017055,17055,12572,NULL,9,22442,22442,1,11701,1233640Vi60538,847,3578.27,286.2616,89.4568,3953.9884,NULL,...,"2001-09-11 00:00:00"
44158,1,"2001-09-05 00:00:00","2001-09-17 00:00:00","2001-09-12 00:00:00",5,1,SO44158,NULL,10-4030-013567,13567,13593,NULL,8,23463,23463,1,11528,131046Vi59524,864,3578.27,286.2616,89.4568,3953.9884,NULL,...,"2001-09-12 00:00:00"
44159,1,"2001-09-05 00:00:00","2001-09-17 00:00:00","2001-09-12 00:00:00",5,1,SO44159,NULL,10-4030-028182,28182,3099,NULL,4,12930,12930,1,8177,731810Vi42380,NULL,3578.27,286.2616,89.4568,3953.9884,NULL,...,"2001-09-12 00:00:00"
44160,1,"2001-09-05 00:00:00","2001-09-17 00:00:00","2001-09-12 00:00:00",5,1,SO44160,NULL,10-4030-028186,28186,10631,NULL,1,20498,20498,1,9144,431815Vi47219,NULL,3578.27,286.2616,89.4568,3953.9884,NULL,...,"2001-09-12 00:00:00"
44161,1,"2001-09-06 00:00:00","2001-09-18 00:00:00","2001-09-13 00:00:00",5,1,SO44161,NULL,10-4030-013772,13772,8192,NULL,10,18045,18045,1,4362,331035Vi22883,880,3578.27,286.2616,89.4568,3953.9884,NULL,...,"2001-09-13 00:00:00"
44162,1,"2001-09-06 00:00:00","2001-09-18 00:00:00","2001-09-13 00:00:00",5,1,SO44162,NULL,10-4030-028185,28185,4504,NULL,4,14339,14339,1,4050,1031814Vi21313,NULL,3578.27,286.2616,89.4568,3953.9884,NULL,...,"2001-09-13 00:00:00"
44163,1,"2001-09-06 00:00:00","2001-09-18 00:00:00","2001-09-13 00:00:00",5,1,SO44163,NULL,10-4030-028193,28193,11335,NULL,4,21205,21205,1,1278,631818Vi6479,NULL,3578.27,286.2616,89.4568,3953.9884,NULL,...,"2001-09-13 00:00:00"
44164,1,"2001-09-06 00:00:00","2001-09-18 00:00:00","2001-09-13 00:00:00",5,1,SO44164,NULL,10-4030-028088,28088,10650,NULL,4,20517,20517,1,2503,831897Vi13066,NULL,3578.27,286.2616,89.4568,3953.9884,NULL,...,"2001-09-13 00:00:00"
44165,1,"2001-09-06 00:00:00","2001-09-18 00:00:00","2001-09-13 00:00:00",5,1,SO44165,NULL,10-4030-017065,17065,2378,NULL,9,12203,12203,1,4741,1233643Vi24857,873,3578.27,286.2616,89.4568,3953.9884,NULL,...,"2001-09-13 00:00:00"
44166,1,"2001-09-06 00:00:00","2001-09-18 00:00:00","2001-09-13 00:00:00",5,1,SO44166,NULL,10-4030-014581,14581,16046,NULL,1,25932,25932,1,13692,333803Vi70955,NULL,699.0982,55.9279,17.4775,772.5036,NULL,...,"2001-09-13 00:00:00"
44167,1,"2001-09-06 00:00:00","2001-09-18 00:00:00","2001-09-13 00:00:00",5,1,SO44167,NULL,10-4030-017308,17308,8045,NULL,9,17898,17898,1,6672,935385Vi34739,873,3578.27,286.2616,89.4568,3953.9884,NULL,...,"2001-09-13 00:00:00"
44168,1,"2001-09-07 00:00:00","2001-09-19 00:00:00","2001-09-14 00:00:00",5,1,SO44168,NULL,10-4030-012211,12211,18437,NULL,7,28328,28328,1,7236,231034Vi37533,892,3578.27,286.2616,89.4568,3953.9884,NULL,...,"2001-09-14 00:00:00"
44169,1,"2001-09-07 00:00:00","2001-09-19 00:00:00","2001-09-14 00:00:00",5,1,SO44169,NULL,10-4030-028179,28179,14935,NULL,1,24810,24810,1,11655,1031808Vi60230,NULL,3578.27,286.2616,89.4568,3953.9884,NULL,...,"2001-09-14 00:00:00"
44170,1,"2001-09-07 00:00:00","2001-09-19 00:00:00","2001-09-14 00:00:00",5,1,SO44170,NULL,10-4030-028183,28183,19114,NULL,4,29015,29015,1,9705,531811Vi50032,NULL,3578.27,286.2616,89.4568,3953.9884,NULL,...,"2001-09-14 00:00:00"
44171,1,"2001-09-07 00:00:00","2001-09-19 00:00:00","2001-09-14 00:00:00",5,1,SO44171,NULL,10-4030-028112,28112,8515,NULL,4,18368,18368,1,12230,1031902Vi63240,NULL,3578.27,286.2616,89.4568,3953.9884,NULL,...,"2001-09-14 00:00:00"
44172,1,"2001-09-07 00:00:00","2001-09-19 00:00:00","2001-09-14 00:00:00",5,1,SO44172,NULL,10-4030-014584,14584,9199,NULL,4,19055,19055,1,8098,533804Vi41986,NULL,699.0982,55.9279,17.4775,772.5036,NULL,...,"2001-09-14 00:00:00"
44173,1,"2001-09-08 00:00:00","2001-09-20 00:00:00","2001-09-15 00:00:00",5,1,SO44173,NULL,10-4030-013784,13784,12376,NULL,10,22246,22246,1,11838,1131039Vi61172,906,3578.27,286.2616,89.4568,3953.9884,NULL,...,"2001-09-15 00:00:00"
44174,1,"2001-09-08 00:00:00","2001-09-20 00:00:00","2001-09-15 00:00:00",5,1,SO44174,NULL,10-4030-017229,17229,2449,NULL,9,12275,12275,1,310,434455Vi1576,899,3578.27,286.2616,89.4568,3953.9884,NULL,...,"2001-09-15 00:00:00"
44175,1,"2001-09-08 00:00:00","2001-09-20 00:00:00","2001-09-15 00:00:00",5,1,SO44175,NULL,10-4030-017246,17246,5763,NULL,9,15598,15598,1,6910,435649Vi35987,899,3578.27,286.2616,89.4568,3953.9884,NULL,...,"2001-09-15 00:00:00"
44176,1,"2001-09-09 00:00:00","2001-09-21 00:00:00","2001-09-16 00:00:00",5,1,SO44176,NULL,10-4030-012220,12220,6807,NULL,7,16650,16650,1,11704,531047Vi60568,918,3578.27,286.2616,89.4568,3953.9884,NULL,...,"2001-09-16 00:00:00"
44177,1,"2001-09-09 00:00:00","2001-09-21 00:00:00","2001-09-16 00:00:00",5,1,SO44177,NULL,10-4030-011337,11337,6901,NULL,10,16744,16744,1,7938,831750Vi41055,919,3374.99,269.9992,84.3748,3729.364,NULL,...,"2001-09-16 00:00:00"
44178,1,"2001-09-09 00:00:00","2001-09-21 00:00:00","2001-09-16 00:00:00",5,1,SO44178,NULL,10-4030-028097,28097,19701,NULL,4,29607,29607,1,NULL,NULL,NULL,3578.27,286.2616,89.4568,3953.9884,NULL,...,"2001-09-16 00:00:00"
44179,1,"2001-09-09 00:00:00","2001-09-21 00:00:00","2001-09-16 00:00:00",5,1,SO44179,NULL,10-4030-025888,25888,8526,NULL,1,18379,18379,1,3086,1133269Vi16254,NULL,3374.99,269.9992,84.3748,3729.364,NULL,...,"2001-09-16 00:00:00"
44180,1,"2001-09-09 00:00:00","2001-09-21 00:00:00","2001-09-16 00:00:00",5,1,SO44180,NULL,10-4030-011058,11058,14881,NULL,9,24756,24756,1,12527,1134130Vi64797,912,3399.99,271.9992,84.9998,3756.989,NULL,...,"2001-09-16 00:00:00"
44181,1,"2001-09-09 00:00:00","2001-09-21 00:00:00","2001-09-16 00:00:00",5,1,SO44181,NULL,10-4030-017294,17294,2467,NULL,9,12293,12293,1,14800,335382Vi76671,912,3578.27,286.2616,89.4568,3953.9884,NULL,...,"2001-09-16 00:00:00"
44182,1,"2001-09-09 00:00:00","2001-09-21 00:00:00","2001-09-16 00:00:00",5,1,SO44182,NULL,10-4030-017299,17299,12202,NULL,9,22072,22072,1,4582,835384Vi24049,912,3578.27,286.2616,89.4568,3953.9884,NULL,...,"2001-09-16 00:00:00"
44183,1,"2001-09-10 00:00:00","2001-09-22 00:00:00","2001-09-17 00:00:00",5,1,SO44183,NULL,10-4030-028158,28158,6326,NULL,4,16161,16161,1,15165,531796Vi78453,NULL,3578.27,286.2616,89.4568,3953.9884,NULL,...,"2001-09-17 00:00:00"
44184,1,"2001-09-10 00:00:00","2001-09-22 00:00:00","2001-09-17 00:00:00",5,1,SO44184,NULL,10-4030-017247,17247,17928,NULL,9,27816,27816,1,8099,834461Vi41988,925,3578.27,286.2616,89.4568,3953.9884,NULL,...,"2001-09-17 00:00:00"
44185,1,"2001-09-10 00:00:00","2001-09-22 00:00:00","2001-09-17 00:00:00",5,1,SO44185,NULL,10-4030-017280,17280,8955,NULL,9,18809,18809,1,4990,1234472Vi26134,925,3578.27,286.2616,89.4568,3953.9884,NULL,...,"2001-09-17 00:00:00"
44186,1,"2001-09-12 00:00:00","2001-09-24 00:00:00","2001-09-19 00:00:00",5,1,SO44186,NULL,10-4030-025889,25889,6954,NULL,4,16797,16797,1,8499,233270Vi43938,NULL,3399.99,271.9992,84.9998,3756.989,NULL,...,"2001-09-19 00:00:00"
44187,1,"2001-09-12 00:00:00","2001-09-24 00:00:00","2001-09-19 00:00:00",5,1,SO44187,NULL,10-4030-017069,17069,10572,NULL,9,20439,20439,1,246,933644Vi1258,951,3578.27,286.2616,89.4568,3953.9884,NULL,...,"2001-09-19 00:00:00"
44188,1,"2001-09-13 00:00:00","2001-09-25 00:00:00","2001-09-20 00:00:00",5,1,SO44188,NULL,10-4030-020052,20052,5919,NULL,10,15754,15754,1,1976,1230408Vi10291,971,699.0982,55.9279,17.4775,772.5036,NULL,...,"2001-09-20 00:00:00"
44189,1,"2001-09-13 00:00:00","2001-09-25 00:00:00","2001-09-20 00:00:00",5,1,SO44189,NULL,10-4030-020054,20054,6568,NULL,10,16407,16407,1,3755,930409Vi19793,971,699.0982,55.9279,17.4775,772.5036,NULL,...,"2001-09-20 00:00:00"
44190,1,"2001-09-13 00:00:00","2001-09-25 00:00:00","2001-09-20 00:00:00",5,1,SO44190,NULL,10-4030-011061,11061,17420,NULL,9,27307,27307,1,8926,634132Vi46013,964,3374.99,269.9992,84.3748,3729.364,NULL,...,"2001-09-20 00:00:00"
44191,1,"2001-09-13 00:00:00","2001-09-25 00:00:00","2001-09-20 00:00:00",5,1,SO44191,NULL,10-4030-017248,17248,19007,NULL,9,28908,28908,1,4370,1034462Vi22918,964,3578.27,286.2616,89.4568,3953.9884,NULL,...,"2001-09-20 00:00:00"
44192,1,"2001-09-14 00:00:00","2001-09-26 00:00:00","2001-09-21 00:00:00",5,1,SO44192,NULL,10-4030-013570,13570,17361,NULL,8,27248,27248,1,2181,1031048Vi11383,981,3578.27,286.2616,89.4568,3953.9884,NULL,...,"2001-09-21 00:00:00"
44193,1,"2001-09-14 00:00:00","2001-09-26 00:00:00","2001-09-21 00:00:00",5,1,SO44193,NULL,10-4030-028164,28164,2537,NULL,4,12364,12364,1,8000,1231800Vi41436,NULL,3578.27,286.2616,89.4568,3953.9884,NULL,...,"2001-09-21 00:00:00"
44194,1,"2001-09-14 00:00:00","2001-09-26 00:00:00","2001-09-21 00:00:00",5,1,SO44194,NULL,10-4030-017064,17064,2290,NULL,9,12113,12113,1,16064,433642Vi83041,977,3578.27,286.2616,89.4568,3953.9884,NULL,...,"2001-09-21 00:00:00"
44195,1,"2001-09-14 00:00:00","2001-09-26 00:00:00","2001-09-21 00:00:00",5,1,SO44195,NULL,10-4030-017249,17249,16176,NULL,9,26062,26062,1,9579,1034463Vi49391,977,3578.27,286.2616,89.4568,3953.9884,NULL,...,"2001-09-21 00:00:00"
44196,1,"2001-09-14 00:00:00","2001-09-26 00:00:00","2001-09-21 00:00:00",5,1,SO44196,NULL,10-4030-017295,17295,18458,NULL,9,28349,28349,1,1268,635383Vi6447,977,3578.27,286.2616,89.4568,3953.9884,NULL,...,"2001-09-21 00:00:00"
44197,1,"2001-09-15 00:00:00","2001-09-27 00:00:00","2001-09-22 00:00:00",5,1,SO44197,NULL,10-4030-028096,28096,1959,NULL,4,11779,11779,1,10570,231898Vi54491,NULL,3578.27,286.2616,89.4568,3953.9884,NULL,...,"2001-09-22 00:00:00"
44198,1,"2001-09-15 00:00:00","2001-09-27 00:00:00","2001-09-22 00:00:00",5,1,SO44198,NULL,10-4030-028150,28150,4820,NULL,4,14655,14655,1,4004,1131909Vi21099,NULL,3578.27,286.2616,89.4568,3953.9884,NULL,...,"2001-09-22 00:00:00"
44199,1,"2001-09-15 00:00:00","2001-09-27 00:00:00","2001-09-22 00:00:00",5,1,SO44199,NULL,10-4030-017259,17259,5155,NULL,9,14990,14990,1,11892,434468Vi61462,990,3578.27,286.2616,89.4568,3953.9884,NULL,...,"2001-09-22 00:00:00"
44200,1,"2001-09-15 00:00:00","2001-09-27 00:00:00","2001-09-22 00:00:00",5,1,SO44200,NULL,10-4030-017312,17312,2581,NULL,9,12408,12408,1,16165,235388Vi83610,990,3578.27,286.2616,89.4568,3953.9884,NULL,...,"2001-09-22 00:00:00"
44201,1,"2001-09-16 00:00:00","2001-09-28 00:00:00","2001-09-23 00:00:00",5,1,SO44201,NULL,10-4030-012254,12254,8352,NULL,7,18205,18205,1,13927,1031055Vi72230,1009,3578.27,286.2616,89.4568,3953.9884,NULL,...,"2001-09-23 00:00:00"
44202,1,"2001-09-16 00:00:00","2001-09-28 00:00:00","2001-09-23 00:00:00",5,1,SO44202,NULL,10-4030-028159,28159,12222,NULL,4,22092,22092,1,5744,1131797Vi30030,NULL,3578.27,286.2616,89.4568,3953.9884,NULL,...,"2001-09-23 00:00:00"
44203,1,"2001-09-16 00:00:00","2001-09-28 00:00:00","2001-09-23 00:00:00",5,1,SO44203,NULL,10-4030-028149,28149,17599,NULL,4,27487,27487,1,13503,1031908Vi69928,NULL,3578.27,286.2616,89.4568,3953.9884,NULL,...,"2001-09-23 00:00:00"
44204,1,"2001-09-16 00:00:00","2001-09-28 00:00:00","2001-09-23 00:00:00",5,1,SO44204,NULL,10-4030-014580,14580,4965,NULL,4,14800,14800,1,18544,233802Vi96371,NULL,699.0982,55.9279,17.4775,772.5036,NULL,...,"2001-09-23 00:00:00"
44205,1,"2001-09-16 00:00:00","2001-09-28 00:00:00","2001-09-23 00:00:00",5,1,SO44205,NULL,10-4030-017285,17285,11826,NULL,9,21696,21696,1,17795,1234473Vi92355,1003,3578.27,286.2616,89.4568,3953.9884,NULL,...,"2001-09-23 00:00:00"
44206,1,"2001-09-17 00:00:00","2001-09-29 00:00:00","2001-09-24 00:00:00",5,1,SO44206,NULL,10-4030-011250,11250,1726,NULL,10,11546,11546,1,15638,331747Vi80825,1023,3399.99,271.9992,84.9998,3756.989,NULL,...,"2001-09-24 00:00:00"
44207,1,"2001-09-17 00:00:00","2001-09-29 00:00:00","2001-09-24 00:00:00",5,1,SO44207,NULL,10-4030-028162,28162,14107,NULL,4,23977,23977,1,16696,831798Vi86470,NULL,3578.27,286.2616,89.4568,3953.9884,NULL,...,"2001-09-24 00:00:00"
44208,1,"2001-09-17 00:00:00","2001-09-29 00:00:00","2001-09-24 00:00:00",5,1,SO44208,NULL,10-4030-025879,25879,19375,NULL,4,29280,29280,1,NULL,NULL,NULL,3399.99,271.9992,84.9998,3756.989,NULL,...,"2001-09-24 00:00:00"
44209,1,"2001-09-17 00:00:00","2001-09-29 00:00:00","2001-09-24 00:00:00",5,1,SO44209,NULL,10-4030-017257,17257,9382,NULL,9,19241,19241,1,14651,234466Vi76006,1016,3578.27,286.2616,89.4568,3953.9884,NULL,...,"2001-09-24 00:00:00"
44210,1,"2001-09-18 00:00:00","2001-09-30 00:00:00","2001-09-25 00:00:00",5,1,SO44210,NULL,10-4030-013783,13783,16323,NULL,10,26209,26209,1,5785,231038Vi30221,1036,3578.27,286.2616,89.4568,3953.9884,NULL,...,"2001-09-25 00:00:00"
44211,1,"2001-09-18 00:00:00","2001-09-30 00:00:00","2001-09-25 00:00:00",5,1,SO44211,NULL,10-4030-028154,28154,2170,NULL,4,11992,11992,1,14419,931793Vi74729,NULL,3578.27,286.2616,89.4568,3953.9884,NULL,...,"2001-09-25 00:00:00"
44212,1,"2001-09-18 00:00:00","2001-09-30 00:00:00","2001-09-25 00:00:00",5,1,SO44212,NULL,10-4030-028170,28170,10408,NULL,4,20275,20275,1,12278,831804Vi63487,NULL,3578.27,286.2616,89.4568,3953.9884,NULL,...,"2001-09-25 00:00:00"
44213,1,"2001-09-18 00:00:00","2001-09-30 00:00:00","2001-09-25 00:00:00",5,1,SO44213,NULL,10-4030-017351,17351,3457,NULL,9,13292,13292,1,14883,533968Vi77089,1029,3578.27,286.2616,89.4568,3953.9884,NULL,...,"2001-09-25 00:00:00"
44214,1,"2001-09-18 00:00:00","2001-09-30 00:00:00","2001-09-25 00:00:00",5,1,SO44214,NULL,10-4030-017332,17332,15775,NULL,9,25659,25659,1,7544,1235394Vi39063,1029,3578.27,286.2616,89.4568,3953.9884,NULL,...,"2001-09-25 00:00:00"
44215,1,"2001-09-19 00:00:00","2001-10-01 00:00:00","2001-09-26 00:00:00",5,1,SO44215,NULL,10-4030-028180,28180,16111,NULL,1,25997,25997,1,1493,830325Vi7700,NULL,3578.27,286.2616,89.4568,3953.9884,NULL,...,"2001-09-26 00:00:00"
44216,1,"2001-09-19 00:00:00","2001-10-01 00:00:00","2001-09-26 00:00:00",5,1,SO44216,NULL,10-4030-013560,13560,4274,NULL,8,14109,14109,1,1704,331040Vi8758,1046,3578.27,286.2616,89.4568,3953.9884,NULL,...,"2001-09-26 00:00:00"
44217,1,"2001-09-19 00:00:00","2001-10-01 00:00:00","2001-09-26 00:00:00",5,1,SO44217,NULL,10-4030-028148,28148,12747,NULL,1,22617,22617,1,4891,431907Vi25672,NULL,3578.27,286.2616,89.4568,3953.9884,NULL,...,"2001-09-26 00:00:00"
44218,1,"2001-09-19 00:00:00","2001-10-01 00:00:00","2001-09-26 00:00:00",5,1,SO44218,NULL,10-4030-022109,22109,15664,NULL,6,25548,25548,1,14810,131910Vi76715,1044,3578.27,286.2616,89.4568,3953.9884,NULL,...,"2001-09-26 00:00:00"
44219,1,"2001-09-19 00:00:00","2001-10-01 00:00:00","2001-09-26 00:00:00",5,1,SO44219,NULL,10-4030-014590,14590,6277,NULL,4,16112,16112,1,2703,233807Vi14021,NULL,699.0982,55.9279,17.4775,772.5036,NULL,...,"2001-09-26 00:00:00"
44220,1,"2001-09-19 00:00:00","2001-10-01 00:00:00","2001-09-26 00:00:00",5,1,SO44220,NULL,10-4030-011060,11060,12742,NULL,9,22612,22612,1,14054,634131Vi72903,1042,3399.99,271.9992,84.9998,3756.989,NULL,...,"2001-09-26 00:00:00"
44221,1,"2001-09-19 00:00:00","2001-10-01 00:00:00","2001-09-26 00:00:00",5,1,SO44221,NULL,10-4030-017255,17255,3716,NULL,9,13551,13551,1,18241,534464Vi94606,1042,3578.27,286.2616,89.4568,3953.9884,NULL,...,"2001-09-26 00:00:00"
44222,1,"2001-09-19 00:00:00","2001-10-01 00:00:00","2001-09-26 00:00:00",5,1,SO44222,NULL,10-4030-017258,17258,3088,NULL,9,12919,12919,1,14111,534467Vi73185,1042,3578.27,286.2616,89.4568,3953.9884,NULL,...,"2001-09-26 00:00:00"
44223,1,"2001-09-20 00:00:00","2001-10-02 00:00:00","2001-09-27 00:00:00",5,1,SO44223,NULL,10-4030-013847,13847,3334,NULL,10,13169,13169,1,15215,731059Vi78706,1062,3578.27,286.2616,89.4568,3953.9884,NULL,...,"2001-09-27 00:00:00"
44224,1,"2001-09-20 00:00:00","2001-10-02 00:00:00","2001-09-27 00:00:00",5,1,SO44224,NULL,10-4030-028166,28166,6017,NULL,4,15852,15852,1,6247,431801Vi32459,NULL,3578.27,286.2616,89.4568,3953.9884,NULL,...,"2001-09-27 00:00:00"
44225,1,"2001-09-21 00:00:00","2001-10-03 00:00:00","2001-09-28 00:00:00",5,1,SO44225,NULL,10-4030-020060,20060,11165,NULL,10,21035,21035,1,8865,130411Vi45741,1075,699.0982,55.9279,17.4775,772.5036,NULL,...,"2001-09-28 00:00:00"
44226,1,"2001-09-21 00:00:00","2001-10-03 00:00:00","2001-09-28 00:00:00",5,1,SO44226,NULL,10-4030-012255,12255,12131,NULL,7,22001,22001,1,12060,931057Vi62326,1074,3578.27,286.2616,89.4568,3953.9884,NULL,...,"2001-09-28 00:00:00"
44227,1,"2001-09-21 00:00:00","2001-10-03 00:00:00","2001-09-28 00:00:00",5,1,SO44227,NULL,10-4030-028401,28401,2488,NULL,7,12314,12314,1,4128,131746Vi21667,1074,3374.99,269.9992,84.3748,3729.364,NULL,...,"2001-09-28 00:00:00"
44228,1,"2001-09-21 00:00:00","2001-10-03 00:00:00","2001-09-28 00:00:00",5,1,SO44228,NULL,10-4030-011333,11333,11430,NULL,10,21300,21300,1,9366,1031748Vi48295,1075,3399.99,271.9992,84.9998,3756.989,NULL,...,"2001-09-28 00:00:00"
44229,1,"2001-09-21 00:00:00","2001-10-03 00:00:00","2001-09-28 00:00:00",5,1,SO44229,NULL,10-4030-025886,25886,18893,NULL,1,28792,28792,1,14096,933267Vi73110,NULL,3399.99,271.9992,84.9998,3756.989,NULL,...,"2001-09-28 00:00:00"
44230,1,"2001-09-21 00:00:00","2001-10-03 00:00:00","2001-09-28 00:00:00",5,1,SO44230,NULL,10-4030-017241,17241,11961,NULL,9,21831,21831,1,3957,734459Vi20823,1068,3578.27,286.2616,89.4568,3953.9884,NULL,...,"2001-09-28 00:00:00"
44231,1,"2001-09-21 00:00:00","2001-10-03 00:00:00","2001-09-28 00:00:00",5,1,SO44231,NULL,10-4030-017973,17973,15107,NULL,7,24984,24984,1,7999,1135198Vi41435,1074,699.0982,55.9279,17.4775,772.5036,NULL,...,"2001-09-28 00:00:00"
44232,1,"2001-09-21 00:00:00","2001-10-03 00:00:00","2001-09-28 00:00:00",5,1,SO44232,NULL,10-4030-017334,17334,16457,NULL,9,26343,26343,1,9745,335395Vi50216,1068,3578.27,286.2616,89.4568,3953.9884,NULL,...,"2001-09-28 00:00:00"
44233,1,"2001-09-22 00:00:00","2001-10-04 00:00:00","2001-09-29 00:00:00",5,1,SO44233,NULL,10-4030-013841,13841,11839,NULL,10,21709,21709,1,7295,731051Vi37852,1088,3578.27,286.2616,89.4568,3953.9884,NULL,...,"2001-09-29 00:00:00"
44234,1,"2001-09-22 00:00:00","2001-10-04 00:00:00","2001-09-29 00:00:00",5,1,SO44234,NULL,10-4030-028184,28184,11709,NULL,4,21579,21579,1,529,431812Vi2738,NULL,3578.27,286.2616,89.4568,3953.9884,NULL,...,"2001-09-29 00:00:00"
44235,1,"2001-09-22 00:00:00","2001-10-04 00:00:00","2001-09-29 00:00:00",5,1,SO44235,NULL,10-4030-022117,22117,9247,NULL,6,19103,19103,1,6671,431813Vi34736,1083,3578.27,286.2616,89.4568,3953.9884,NULL,...,"2001-09-29 00:00:00"
44236,1,"2001-09-22 00:00:00","2001-10-04 00:00:00","2001-09-29 00:00:00",5,1,SO44236,NULL,10-4030-028191,28191,6511,NULL,1,16349,16349,1,17403,131817Vi90435,NULL,3578.27,286.2616,89.4568,3953.9884,NULL,...,"2001-09-29 00:00:00"
44237,1,"2001-09-22 00:00:00","2001-10-04 00:00:00","2001-09-29 00:00:00",5,1,SO44237,NULL,10-4030-017056,17056,16291,NULL,9,26177,26177,1,8232,133641Vi42664,1081,3578.27,286.2616,89.4568,3953.9884,NULL,...,"2001-09-29 00:00:00"
44238,1,"2001-09-22 00:00:00","2001-10-04 00:00:00","2001-09-29 00:00:00",5,1,SO44238,NULL,10-4030-017079,17079,15635,NULL,9,25519,25519,1,5401,734454Vi28288,1081,3578.27,286.2616,89.4568,3953.9884,NULL,...,"2001-09-29 00:00:00"
44239,1,"2001-09-23 00:00:00","2001-10-05 00:00:00","2001-09-30 00:00:00",5,1,SO44239,NULL,10-4030-012217,12217,15150,NULL,7,25028,25028,1,8321,431041Vi43095,1100,3578.27,286.2616,89.4568,3953.9884,NULL,...,"2001-09-30 00:00:00"
44240,1,"2001-09-23 00:00:00","2001-10-05 00:00:00","2001-09-30 00:00:00",5,1,SO44240,NULL,10-4030-013580,13580,19067,NULL,8,28968,28968,1,7098,131060Vi36826,1098,3578.27,286.2616,89.4568,3953.9884,NULL,...,"2001-09-30 00:00:00"
44241,1,"2001-09-23 00:00:00","2001-10-05 00:00:00","2001-09-30 00:00:00",5,1,SO44241,NULL,10-4030-028155,28155,2772,NULL,4,12601,12601,1,2875,231794Vi14975,NULL,3578.27,286.2616,89.4568,3953.9884,NULL,...,"2001-09-30 00:00:00"
44242,1,"2001-09-23 00:00:00","2001-10-05 00:00:00","2001-09-30 00:00:00",5,1,SO44242,NULL,10-4030-028163,28163,18971,NULL,1,28872,28872,1,12583,1231799Vi65106,NULL,3578.27,286.2616,89.4568,3953.9884,NULL,...,"2001-09-30 00:00:00"
44243,1,"2001-09-23 00:00:00","2001-10-05 00:00:00","2001-09-30 00:00:00",5,1,SO44243,NULL,10-4030-017278,17278,1672,NULL,9,11492,11492,1,13200,134470Vi68445,1094,3578.27,286.2616,89.4568,3953.9884,NULL,...,"2001-09-30 00:00:00"
44244,1,"2001-09-23 00:00:00","2001-10-05 00:00:00","2001-09-30 00:00:00",5,1,SO44244,NULL,10-4030-017329,17329,10593,NULL,9,20460,20460,1,2694,1135393Vi13981,1094,3578.27,286.2616,89.4568,3953.9884,NULL,...,"2001-09-30 00:00:00"
44245,1,"2001-09-23 00:00:00","2001-10-05 00:00:00","2001-09-30 00:00:00",5,1,SO44245,NULL,10-4030-025556,25556,17886,NULL,9,27774,27774,1,9841,135434Vi50717,1094,699.0982,55.9279,17.4775,772.5036,NULL,...,"2001-09-30 00:00:00"
44246,1,"2001-09-24 00:00:00","2001-10-06 00:00:00","2001-10-01 00:00:00",5,1,SO44246,NULL,10-4030-012219,12219,3367,NULL,7,13202,13202,1,11607,831045Vi59969,1113,3578.27,286.2616,89.4568,3953.9884,NULL,...,"2001-10-01 00:00:00"
44247,1,"2001-09-24 00:00:00","2001-10-06 00:00:00","2001-10-01 00:00:00",5,1,SO44247,NULL,10-4030-017233,17233,8171,NULL,9,18024,18024,1,10639,134457Vi54836,1107,3578.27,286.2616,89.4568,3953.9884,NULL,...,"2001-10-01 00:00:00"
44248,1,"2001-09-24 00:00:00","2001-10-06 00:00:00","2001-10-01 00:00:00",5,1,SO44248,NULL,10-4030-017240,17240,1756,NULL,9,11576,11576,1,14291,1034458Vi74077,1107,3578.27,286.2616,89.4568,3953.9884,NULL,...,"2001-10-01 00:00:00"
44249,1,"2001-09-25 00:00:00","2001-10-07 00:00:00","2001-10-02 00:00:00",5,1,SO44249,NULL,10-4030-013845,13845,19594,NULL,10,29500,29500,1,NULL,NULL,1127,3578.27,286.2616,89.4568,3953.9884,NULL,...,"2001-10-02 00:00:00"
44250,1,"2001-09-25 00:00:00","2001-10-07 00:00:00","2001-10-02 00:00:00",5,1,SO44250,NULL,10-4030-028167,28167,5202,NULL,4,15037,15037,1,9038,831802Vi46670,NULL,3578.27,286.2616,89.4568,3953.9884,NULL,...,"2001-10-02 00:00:00"
44251,1,"2001-09-25 00:00:00","2001-10-07 00:00:00","2001-10-02 00:00:00",5,1,SO44251,NULL,10-4030-028190,28190,8395,NULL,4,18248,18248,1,15032,331816Vi77793,NULL,3578.27,286.2616,89.4568,3953.9884,NULL,...,"2001-10-02 00:00:00"
44252,1,"2001-09-26 00:00:00","2001-10-08 00:00:00","2001-10-03 00:00:00",5,1,SO44252,NULL,10-4030-013777,13777,15148,NULL,10,25026,25026,1,18450,131036Vi95811,1140,3578.27,286.2616,89.4568,3953.9884,NULL,...,"2001-10-03 00:00:00"
44253,1,"2001-09-26 00:00:00","2001-10-08 00:00:00","2001-10-03 00:00:00",5,1,SO44253,NULL,10-4030-028099,28099,15256,NULL,4,25136,25136,1,6378,1031901Vi33088,NULL,3578.27,286.2616,89.4568,3953.9884,NULL,...,"2001-10-03 00:00:00"
44254,1,"2001-09-26 00:00:00","2001-10-08 00:00:00","2001-10-03 00:00:00",5,1,SO44254,NULL,10-4030-028142,28142,12548,NULL,1,22418,22418,1,7854,831904Vi40660,NULL,3578.27,286.2616,89.4568,3953.9884,NULL,...,"2001-10-03 00:00:00"
44255,1,"2001-09-26 00:00:00","2001-10-08 00:00:00","2001-10-03 00:00:00",5,1,SO44255,NULL,10-4030-014585,14585,7337,NULL,4,17187,17187,1,14364,733805Vi74457,NULL,699.0982,55.9279,17.4775,772.5036,NULL,...,"2001-10-03 00:00:00"
44256,1,"2001-09-26 00:00:00","2001-10-08 00:00:00","2001-10-03 00:00:00",5,1,SO44256,NULL,10-4030-017232,17232,13890,NULL,9,23760,23760,1,2630,534456Vi13678,1133,3578.27,286.2616,89.4568,3953.9884,NULL,...,"2001-10-03 00:00:00"
44257,1,"2001-09-27 00:00:00","2001-10-09 00:00:00","2001-10-04 00:00:00",5,1,SO44257,NULL,10-4030-012212,12212,2753,NULL,7,12582,12582,1,2301,1231037Vi12062,1152,3578.27,286.2616,89.4568,3953.9884,NULL,...,"2001-10-04 00:00:00"
44258,1,"2001-09-27 00:00:00","2001-10-09 00:00:00","2001-10-04 00:00:00",5,1,SO44258,NULL,10-4030-013579,13579,16499,NULL,8,26385,26385,1,13999,1231053Vi72600,1150,3578.27,286.2616,89.4568,3953.9884,NULL,...,"2001-10-04 00:00:00"
44259,1,"2001-09-27 00:00:00","2001-10-09 00:00:00","2001-10-04 00:00:00",5,1,SO44259,NULL,10-4030-028171,28171,12105,NULL,1,21975,21975,1,10251,231805Vi52910,NULL,3578.27,286.2616,89.4568,3953.9884,NULL,...,"2001-10-04 00:00:00"
44260,1,"2001-09-27 00:00:00","2001-10-09 00:00:00","2001-10-04 00:00:00",5,1,SO44260,NULL,10-4030-028194,28194,2652,NULL,1,12481,12481,1,13744,231819Vi71264,NULL,3578.27,286.2616,89.4568,3953.9884,NULL,...,"2001-10-04 00:00:00"
44261,1,"2001-09-27 00:00:00","2001-10-09 00:00:00","2001-10-04 00:00:00",5,1,SO44261,NULL,10-4030-022112,22112,8361,NULL,6,18214,18214,1,15042,831911Vi77845,1148,3578.27,286.2616,89.4568,3953.9884,NULL,...,"2001-10-04 00:00:00"
44262,1,"2001-09-27 00:00:00","2001-10-09 00:00:00","2001-10-04 00:00:00",5,1,SO44262,NULL,10-4030-020149,20149,14454,NULL,10,24325,24325,1,11790,532662Vi60972,1153,699.0982,55.9279,17.4775,772.5036,NULL,...,"2001-10-04 00:00:00"
44263,1,"2001-09-27 00:00:00","2001-10-09 00:00:00","2001-10-04 00:00:00",5,1,SO44263,NULL,10-4030-017279,17279,13211,NULL,9,23081,23081,1,1578,334471Vi8092,1146,3578.27,286.2616,89.4568,3953.9884,NULL,...,"2001-10-04 00:00:00"
44264,1,"2001-09-27 00:00:00","2001-10-09 00:00:00","2001-10-04 00:00:00",5,1,SO44264,NULL,10-4030-017286,17286,14187,NULL,9,24057,24057,1,14144,534474Vi73387,1146,3578.27,286.2616,89.4568,3953.9884,NULL,...,"2001-10-04 00:00:00"
44265,1,"2001-09-27 00:00:00","2001-10-09 00:00:00","2001-10-04 00:00:00",5,1,SO44265,NULL,10-4030-025557,25557,6002,NULL,9,15837,15837,1,14031,935435Vi72764,1146,699.0982,55.9279,17.4775,772.5036,NULL,...,"2001-10-04 00:00:00"
44266,1,"2001-09-27 00:00:00","2001-10-09 00:00:00","2001-10-04 00:00:00",5,1,SO44266,NULL,10-4030-025559,25559,15029,NULL,9,24905,24905,1,9440,535437Vi48684,1146,699.0982,55.9279,17.4775,772.5036,NULL,...,"2001-10-04 00:00:00"
44267,1,"2001-09-28 00:00:00","2001-10-10 00:00:00","2001-10-05 00:00:00",5,1,SO44267,NULL,10-4030-019339,19339,14039,NULL,8,23909,23909,1,2013,1130410Vi10482,1163,699.0982,55.9279,17.4775,772.5036,NULL,...,"2001-10-05 00:00:00"
44268,1,"2001-09-28 00:00:00","2001-10-10 00:00:00","2001-10-05 00:00:00",5,1,SO44268,NULL,10-4030-013820,13820,13950,NULL,10,23820,23820,1,8173,331044Vi42358,1166,3578.27,286.2616,89.4568,3953.9884,NULL,...,"2001-10-05 00:00:00"
44269,1,"2001-09-29 00:00:00","2001-10-11 00:00:00","2001-10-06 00:00:00",5,1,SO44269,NULL,10-4030-014589,14589,8368,NULL,4,18221,18221,1,18016,733806Vi93484,NULL,699.0982,55.9279,17.4775,772.5036,NULL,...,"2001-10-06 00:00:00"
44270,1,"2001-09-30 00:00:00","2001-10-12 00:00:00","2001-10-07 00:00:00",5,1,SO44270,NULL,10-4030-013794,13794,6341,NULL,10,16176,16176,1,5372,331043Vi28124,1192,3578.27,286.2616,89.4568,3953.9884,NULL,...,"2001-10-07 00:00:00"
44271,1,"2001-09-30 00:00:00","2001-10-12 00:00:00","2001-10-07 00:00:00",5,1,SO44271,NULL,10-4030-013846,13846,1634,NULL,10,11454,11454,1,10454,431056Vi53914,1192,3578.27,286.2616,89.4568,3953.9884,NULL,...,"2001-10-07 00:00:00"
44272,1,"2001-09-30 00:00:00","2001-10-12 00:00:00","2001-10-07 00:00:00",5,1,SO44272,NULL,10-4030-012256,12256,13157,NULL,7,23027,23027,1,13322,231058Vi69099,1191,3578.27,286.2616,89.4568,3953.9884,NULL,...,"2001-10-07 00:00:00"
44273,1,"2001-09-30 00:00:00","2001-10-12 00:00:00","2001-10-07 00:00:00",5,1,SO44273,NULL,10-4030-028147,28147,11975,NULL,4,21845,21845,1,4619,1131906Vi24240,NULL,3578.27,286.2616,89.4568,3953.9884,NULL,...,"2001-10-07 00:00:00"
44274,1,"2001-09-30 00:00:00","2001-10-12 00:00:00","2001-10-07 00:00:00",5,1,SO44274,NULL,10-4030-028152,28152,13818,NULL,4,23688,23688,1,14496,431912Vi75187,NULL,3578.27,286.2616,89.4568,3953.9884,NULL,...,"2001-10-07 00:00:00"
44275,1,"2001-09-30 00:00:00","2001-10-12 00:00:00","2001-10-07 00:00:00",5,1,SO44275,NULL,10-4030-017256,17256,5302,NULL,9,15137,15137,1,9584,134465Vi49406,1185,3578.27,286.2616,89.4568,3953.9884,NULL,...,"2001-10-07 00:00:00"
44276,1,"2001-09-30 00:00:00","2001-10-12 00:00:00","2001-10-07 00:00:00",5,1,SO44276,NULL,10-4030-017277,17277,15824,NULL,9,25708,25708,1,13646,1134469Vi70715,1185,3578.27,286.2616,89.4568,3953.9884,NULL,...,"2001-10-07 00:00:00"
44277,1,"2001-09-30 00:00:00","2001-10-12 00:00:00","2001-10-07 00:00:00",5,1,SO44277,NULL,10-4030-017288,17288,19728,NULL,9,29634,29634,1,NULL,NULL,1185,3578.27,286.2616,89.4568,3953.9884,NULL,...,"2001-10-07 00:00:00"
44278,1,"2001-09-30 00:00:00","2001-10-12 00:00:00","2001-10-07 00:00:00",5,1,SO44278,NULL,10-4030-017293,17293,10115,NULL,9,19979,19979,1,13348,434476Vi69214,1185,3578.27,286.2616,89.4568,3953.9884,NULL,...,"2001-10-07 00:00:00"
44279,1,"2001-09-30 00:00:00","2001-10-12 00:00:00","2001-10-07 00:00:00",5,1,SO44279,NULL,10-4030-017326,17326,751,NULL,9,18994,18994,1,3396,335391Vi17882,1185,3578.27,286.2616,89.4568,3953.9884,NULL,...,"2001-10-07 00:00:00"
44280,1,"2001-10-01 00:00:00","2001-10-13 00:00:00","2001-10-08 00:00:00",5,0,SO44280,PO20068171578,10-4020-000215,215,443,275,2,777,777,5,9540,65093Vi49160,NULL,62.4874,4.999,1.5622,69.0486,NULL,...,"2001-10-08 00:00:00"
44281,1,"2001-10-01 00:00:00","2001-10-13 00:00:00","2001-10-08 00:00:00",5,0,SO44281,PO18009181739,10-4020-000510,510,97,276,4,1073,1073,5,4322,45276Vi22691,NULL,503.3507,40.2681,12.5838,556.2026,NULL,...,"2001-10-08 00:00:00"
44282,1,"2001-10-01 00:00:00","2001-10-13 00:00:00","2001-10-08 00:00:00",5,0,SO44282,PO18473177808,10-4020-000442,442,281,282,6,517,517,5,1346,85279Vi6854,1200,48503.4025,3880.2722,1212.5851,53596.2598,NULL,...,"2001-10-08 00:00:00"
44283,1,"2001-10-01 00:00:00","2001-10-13 00:00:00","2001-10-08 00:00:00",5,0,SO44283,PO18444150042,10-4020-000227,227,564,282,6,482,482,5,10456,125328Vi53935,1200,52841.3274,4227.3062,1321.0332,58389.6668,NULL,...,"2001-10-08 00:00:00"
44284,1,"2001-10-01 00:00:00","2001-10-13 00:00:00","2001-10-08 00:00:00",5,0,SO44284,PO16588183754,10-4020-000146,146,114,283,1,849,849,5,15232,35513Vi78804,NULL,105374.8038,8429.9843,2634.3701,116439.1582,NULL,...,"2001-10-08 00:00:00"
44285,1,"2001-10-01 00:00:00","2001-10-13 00:00:00","2001-10-08 00:00:00",5,0,SO44285,PO16617120120,10-4020-000397,397,458,280,1,876,876,5,806,95575Vi4081,NULL,69504.417,5560.3534,1737.6104,76802.3808,NULL,...,"2001-10-08 00:00:00"
44286,1,"2001-10-01 00:00:00","2001-10-13 00:00:00","2001-10-08 00:00:00",5,0,SO44286,PO16008112311,10-4020-000511,511,828,276,4,1074,1074,5,13349,105621Vi69217,NULL,6646.2114,531.6969,166.1553,7344.0636,NULL,...,"2001-10-08 00:00:00"
44287,1,"2001-10-01 00:00:00","2001-10-13 00:00:00","2001-10-08 00:00:00",5,0,SO44287,PO15428122091,10-4020-000646,646,542,277,3,629,629,5,10370,55700Vi53503,NULL,19548.4674,1563.8774,488.7117,21601.0565,NULL,...,"2001-10-08 00:00:00"
44288,1,"2001-10-01 00:00:00","2001-10-13 00:00:00","2001-10-08 00:00:00",5,0,SO44288,PO14732190246,10-4020-000514,514,151,282,6,529,529,5,1566,85822Vi8045,1200,52792.3847,4223.3908,1319.8096,58335.5851,NULL,...,"2001-10-08 00:00:00"
44289,1,"2001-10-01 00:00:00","2001-10-13 00:00:00","2001-10-08 00:00:00",5,0,SO44289,PO14384127524,10-4020-000504,504,99,275,3,810,810,5,18017,105826Vi93490,NULL,4896.5106,391.7208,122.4128,5410.6442,NULL,...,"2001-10-08 00:00:00"
44290,1,"2001-10-01 00:00:00","2001-10-13 00:00:00","2001-10-08 00:00:00",5,0,SO44290,PO14413160229,10-4020-000383,383,226,281,4,1051,1051,5,18502,15896Vi96122,NULL,4616.2591,369.3007,115.4065,5100.9663,NULL,...,"2001-10-08 00:00:00"
44291,1,"2001-10-01 00:00:00","2001-10-13 00:00:00","2001-10-08 00:00:00",5,0,SO44291,PO14123171235,10-4020-000578,578,295,283,1,895,895,5,15538,25910Vi80261,NULL,5562.2096,444.9768,139.0552,6146.2416,NULL,...,"2001-10-08 00:00:00"
44292,1,"2001-10-01 00:00:00","2001-10-13 00:00:00","2001-10-08 00:00:00",5,0,SO44292,PO13949179405,10-4020-000643,643,541,275,3,825,825,5,15875,25932Vi82016,NULL,4118.5271,329.4822,102.9632,4550.9725,NULL,...,"2001-10-08 00:00:00"
44293,1,"2001-10-01 00:00:00","2001-10-13 00:00:00","2001-10-08 00:00:00",5,0,SO44293,PO13775127212,10-4020-000618,618,398,275,2,821,821,5,1417,35958Vi7271,NULL,28775.4625,2302.037,719.3866,31796.8861,NULL,...,"2001-10-08 00:00:00"
44294,1,"2001-10-01 00:00:00","2001-10-13 00:00:00","2001-10-08 00:00:00",5,0,SO44294,PO13862172262,10-4020-000119,119,844,282,6,464,464,5,3980,95972Vi20982,1200,74583.5128,5966.681,1864.5878,82414.7816,NULL,...,"2001-10-08 00:00:00"
44295,1,"2001-10-01 00:00:00","2001-10-13 00:00:00","2001-10-08 00:00:00",5,0,SO44295,PO12760122918,10-4020-000083,83,131,282,6,458,458,5,19204,26097Vi99806,1200,11362.6972,909.0158,284.0674,12555.7804,NULL,...,"2001-10-08 00:00:00"
44296,1,"2001-10-01 00:00:00","2001-10-13 00:00:00","2001-10-08 00:00:00",5,0,SO44296,PO12412194442,10-4020-000670,670,380,277,3,631,631,5,11886,126162Vi61402,NULL,38861.3305,3108.9064,971.5333,42941.7702,NULL,...,"2001-10-08 00:00:00"
44297,1,"2001-10-01 00:00:00","2001-10-13 00:00:00","2001-10-08 00:00:00",5,0,SO44297,PO11861112978,10-4020-000017,17,364,275,5,755,755,5,18153,36197Vi94127,NULL,12270.5888,981.6471,306.7647,13559.0006,NULL,...,"2001-10-08 00:00:00"
44298,1,"2001-10-01 00:00:00","2001-10-13 00:00:00","2001-10-08 00:00:00",5,0,SO44298,PO11049118093,10-4020-000679,679,377,278,6,556,556,5,14030,16343Vi72763,1200,33208.934,2656.7147,830.2234,36695.8721,NULL,...,"2001-10-08 00:00:00"
44299,1,"2001-10-01 00:00:00","2001-10-13 00:00:00","2001-10-08 00:00:00",5,0,SO44299,PO10817117580,10-4020-000203,203,447,281,4,1021,1021,5,5093,66376Vi26658,NULL,37948.2171,3035.8574,948.7054,41932.7799,NULL,...,"2001-10-08 00:00:00"
44300,1,"2001-10-01 00:00:00","2001-10-13 00:00:00","2001-10-08 00:00:00",5,0,SO44300,PO10527120063,10-4020-000480,480,309,278,6,525,525,5,5439,126385Vi28482,1200,9354.9131,748.393,233.8728,10337.1789,NULL,...,"2001-10-08 00:00:00"
44301,1,"2001-10-01 00:00:00","2001-10-13 00:00:00","2001-10-08 00:00:00",5,0,SO44301,PO10730158868,10-4020-000491,491,6,281,4,1069,1069,5,6653,126397Vi34642,NULL,35407.5043,2832.6003,885.1876,39125.2922,NULL,...,"2001-10-08 00:00:00"
44302,1,"2001-10-01 00:00:00","2001-10-13 00:00:00","2001-10-08 00:00:00",5,0,SO44302,PO9947118701,10-4020-000603,603,403,279,5,977,977,5,1402,96455Vi7192,NULL,2576.3544,206.1084,64.4089,2846.8717,NULL,...,"2001-10-08 00:00:00"
44303,1,"2001-10-01 00:00:00","2001-10-13 00:00:00","2001-10-08 00:00:00",5,0,SO44303,PO10092142501,10-4020-000252,252,877,275,2,782,782,5,10,56486Vi35,NULL,6.175,0.494,0.1544,6.8234,NULL,...,"2001-10-08 00:00:00"
44304,1,"2001-10-01 00:00:00","2001-10-13 00:00:00","2001-10-08 00:00:00",5,0,SO44304,PO10179168311,10-4020-000027,27,524,279,5,911,911,5,10163,126497Vi52413,NULL,45098.4511,3607.8761,1127.4613,49833.7885,NULL,...,"2001-10-08 00:00:00"
44305,1,"2001-10-01 00:00:00","2001-10-13 00:00:00","2001-10-08 00:00:00",5,0,SO44305,PO522153226,10-4020-000676,676,378,279,5,985,985,5,16281,106526Vi84182,NULL,22685.7599,1814.8608,567.144,25067.7647,NULL,...,"2001-10-08 00:00:00"
44306,1,"2001-10-01 00:00:00","2001-10-13 00:00:00","2001-10-08 00:00:00",5,0,SO44306,PO1189114917,10-4020-000423,423,204,279,5,955,955,5,5301,16603Vi27707,NULL,22350.5909,1788.0473,558.7648,24697.403,NULL,...,"2001-10-08 00:00:00"
44307,1,"2001-10-01 00:00:00","2001-10-13 00:00:00","2001-10-08 00:00:00",5,0,SO44307,PO1566191208,10-4020-000486,486,307,275,2,808,808,5,76,96698Vi373,NULL,9293.865,743.5092,232.3466,10269.7208,NULL,...,"2001-10-08 00:00:00"
44308,1,"2001-10-01 00:00:00","2001-10-13 00:00:00","2001-10-08 00:00:00",5,0,SO44308,PO2552158889,10-4020-000506,506,14,283,1,889,889,5,13045,76840Vi67506,NULL,14816.4267,1185.3141,370.4107,16372.1515,NULL,...,"2001-10-08 00:00:00"
44309,1,"2001-10-01 00:00:00","2001-10-13 00:00:00","2001-10-08 00:00:00",5,0,SO44309,PO3393112350,10-4020-000549,549,475,279,5,971,971,5,267,37974Vi1394,NULL,33137.0031,2650.9602,828.4251,36616.3884,NULL,...,"2001-10-08 00:00:00"
44310,1,"2001-10-01 00:00:00","2001-10-13 00:00:00","2001-10-08 00:00:00",5,0,SO44310,PO4176199014,10-4020-000458,458,862,279,5,958,958,5,2519,108088Vi13146,NULL,226.8571,18.1486,5.6714,250.6771,NULL,...,"2001-10-08 00:00:00"
44311,1,"2001-10-01 00:00:00","2001-10-13 00:00:00","2001-10-08 00:00:00",5,0,SO44311,PO4959115826,10-4020-000269,269,147,275,2,783,783,5,3235,128173Vi17021,NULL,8851.1741,708.0939,221.2794,9780.5474,NULL,...,"2001-10-08 00:00:00"
44312,1,"2001-10-01 00:00:00","2001-10-13 00:00:00","2001-10-08 00:00:00",5,0,SO44312,PO5075136657,10-4020-000344,344,142,283,1,871,871,5,14612,48230Vi75759,NULL,2516.7535,201.3403,62.9188,2781.0126,NULL,...,"2001-10-08 00:00:00"
44313,1,"2001-10-01 00:00:00","2001-10-13 00:00:00","2001-10-08 00:00:00",5,0,SO44313,PO5365138960,10-4020-000161,161,265,275,2,771,771,5,12399,88250Vi64099,NULL,31298.7056,2503.8964,782.4676,34585.0696,NULL,...,"2001-10-08 00:00:00"
44314,1,"2001-10-01 00:00:00","2001-10-13 00:00:00","2001-10-08 00:00:00",5,0,SO44314,PO5626111923,10-4020-000166,166,186,277,4,578,578,5,13054,98264Vi67566,NULL,50684.2827,4054.7426,1267.1071,56006.1324,NULL,...,"2001-10-08 00:00:00"
44315,1,"2001-10-01 00:00:00","2001-10-13 00:00:00","2001-10-08 00:00:00",5,0,SO44315,PO6409154434,10-4020-000292,292,103,277,4,592,592,5,242,28327Vi1235,NULL,3111.2554,248.9004,77.7814,3437.9372,NULL,...,"2001-10-08 00:00:00"
44316,1,"2001-10-01 00:00:00","2001-10-13 00:00:00","2001-10-08 00:00:00",5,0,SO44316,PO6235117320,10-4020-000431,431,51,275,3,801,801,5,2337,28353Vi12181,NULL,4541.3937,363.3115,113.5348,5018.24,NULL,...,"2001-10-08 00:00:00"
44317,1,"2001-10-01 00:00:00","2001-10-13 00:00:00","2001-10-08 00:00:00",5,0,SO44317,PO7859142280,10-4020-000221,221,562,281,4,1024,1024,5,7176,108514Vi37251,NULL,40769.7349,3261.5788,1019.2434,45050.5571,NULL,...,"2001-10-08 00:00:00"
44318,1,"2001-10-01 00:00:00","2001-10-13 00:00:00","2001-10-08 00:00:00",5,0,SO44318,PO8120137646,10-4020-000485,485,8,275,5,807,807,5,8937,128557Vi46064,NULL,25324.9386,2025.9951,633.1235,27984.0572,NULL,...,"2001-10-08 00:00:00"
44319,1,"2001-10-01 00:00:00","2001-10-13 00:00:00","2001-10-08 00:00:00",5,0,SO44319,PO9657142761,10-4020-000315,315,75,279,5,943,943,5,7083,118709Vi36747,NULL,41110.8286,3288.8663,1027.7707,45427.4656,NULL,...,"2001-10-08 00:00:00"
44320,1,"2001-10-01 00:00:00","2001-10-13 00:00:00","2001-10-08 00:00:00",5,1,SO44320,NULL,10-4030-014429,14429,11594,NULL,10,21464,21464,1,3339,730960Vi17600,1205,3578.27,286.2616,89.4568,3953.9884,NULL,...,"2001-10-08 00:00:00"
44321,1,"2001-10-01 00:00:00","2001-10-13 00:00:00","2001-10-08 00:00:00",5,1,SO44321,NULL,10-4030-028222,28222,4235,NULL,1,14070,14070,1,13497,1031823Vi69905,NULL,3578.27,286.2616,89.4568,3953.9884,NULL,...,"2001-10-08 00:00:00"
44322,1,"2001-10-01 00:00:00","2001-10-13 00:00:00","2001-10-08 00:00:00",5,1,SO44322,NULL,10-4030-017975,17975,14605,NULL,7,24477,24477,1,638,432665Vi3285,1204,699.0982,55.9279,17.4775,772.5036,NULL,...,"2001-10-08 00:00:00"
44323,1,"2001-10-01 00:00:00","2001-10-13 00:00:00","2001-10-08 00:00:00",5,1,SO44323,NULL,10-4030-011072,11072,15484,NULL,9,25368,25368,1,4953,1234135Vi25993,1198,3399.99,271.9992,84.9998,3756.989,NULL,...,"2001-10-08 00:00:00"
44324,1,"2001-10-02 00:00:00","2001-10-14 00:00:00","2001-10-09 00:00:00",5,1,SO44324,NULL,10-4030-012267,12267,3298,NULL,7,13133,13133,1,10780,930963Vi55635,1217,3578.27,286.2616,89.4568,3953.9884,NULL,...,"2001-10-09 00:00:00"
44325,1,"2001-10-02 00:00:00","2001-10-14 00:00:00","2001-10-09 00:00:00",5,1,SO44325,NULL,10-4030-011095,11095,19532,NULL,9,29438,29438,1,NULL,NULL,1211,3374.99,269.9992,84.3748,3729.364,NULL,...,"2001-10-09 00:00:00"
44326,1,"2001-10-02 00:00:00","2001-10-14 00:00:00","2001-10-09 00:00:00",5,1,SO44326,NULL,10-4030-017728,17728,2472,NULL,9,12298,12298,1,385,435411Vi1941,1211,3578.27,286.2616,89.4568,3953.9884,NULL,...,"2001-10-09 00:00:00"
44327,1,"2001-10-03 00:00:00","2001-10-15 00:00:00","2001-10-10 00:00:00",5,1,SO44327,NULL,10-4030-028598,28598,12895,NULL,4,22765,22765,1,13301,1132839Vi68996,NULL,3578.27,286.2616,89.4568,3953.9884,NULL,...,"2001-10-10 00:00:00"
44328,1,"2001-10-03 00:00:00","2001-10-15 00:00:00","2001-10-10 00:00:00",5,1,SO44328,NULL,10-4030-017921,17921,16594,NULL,9,26480,26480,1,13938,335310Vi72282,1224,3578.27,286.2616,89.4568,3953.9884,NULL,...,"2001-10-10 00:00:00"
44329,1,"2001-10-03 00:00:00","2001-10-15 00:00:00","2001-10-10 00:00:00",5,1,SO44329,NULL,10-4030-017904,17904,14258,NULL,9,24128,24128,1,1554,1135418Vi7947,1224,3578.27,286.2616,89.4568,3953.9884,NULL,...,"2001-10-10 00:00:00"
44330,1,"2001-10-03 00:00:00","2001-10-15 00:00:00","2001-10-10 00:00:00",5,1,SO44330,NULL,10-4030-028199,28199,10724,NULL,4,20591,20591,1,1439,235718Vi7386,NULL,3578.27,286.2616,89.4568,3953.9884,NULL,...,"2001-10-10 00:00:00"
44331,1,"2001-10-04 00:00:00","2001-10-16 00:00:00","2001-10-11 00:00:00",5,1,SO44331,NULL,10-4030-028257,28257,17765,NULL,1,27653,27653,1,13998,831835Vi72598,NULL,3578.27,286.2616,89.4568,3953.9884,NULL,...,"2001-10-11 00:00:00"
44332,1,"2001-10-04 00:00:00","2001-10-16 00:00:00","2001-10-11 00:00:00",5,1,SO44332,NULL,10-4030-017510,17510,4599,NULL,9,14434,14434,1,3782,1135403Vi19905,1237,3578.27,286.2616,89.4568,3953.9884,NULL,...,"2001-10-11 00:00:00"
44333,1,"2001-10-05 00:00:00","2001-10-17 00:00:00","2001-10-12 00:00:00",5,1,SO44333,NULL,10-4030-011343,11343,10177,NULL,10,20041,20041,1,8671,931753Vi44759,1257,3399.99,271.9992,84.9998,3756.989,NULL,...,"2001-10-12 00:00:00"
44334,1,"2001-10-05 00:00:00","2001-10-17 00:00:00","2001-10-12 00:00:00",5,1,SO44334,NULL,10-4030-028273,28273,9203,NULL,4,19059,19059,1,18243,1131841Vi94617,NULL,3578.27,286.2616,89.4568,3953.9884,NULL,...,"2001-10-12 00:00:00"
44335,1,"2001-10-05 00:00:00","2001-10-17 00:00:00","2001-10-12 00:00:00",5,1,SO44335,NULL,10-4030-020165,20165,18908,NULL,10,28808,28808,1,8640,232668Vi44607,1257,699.0982,55.9279,17.4775,772.5036,NULL,...,"2001-10-12 00:00:00"
44336,1,"2001-10-05 00:00:00","2001-10-17 00:00:00","2001-10-12 00:00:00",5,1,SO44336,NULL,10-4030-025895,25895,13905,NULL,1,23775,23775,1,15905,633272Vi82165,NULL,3399.99,271.9992,84.9998,3756.989,NULL,...,"2001-10-12 00:00:00"
44337,1,"2001-10-05 00:00:00","2001-10-17 00:00:00","2001-10-12 00:00:00",5,1,SO44337,NULL,10-4030-011097,11097,12405,NULL,9,22275,22275,1,7265,834144Vi37703,1250,3374.99,269.9992,84.3748,3729.364,NULL,...,"2001-10-12 00:00:00"
44338,1,"2001-10-05 00:00:00","2001-10-17 00:00:00","2001-10-12 00:00:00",5,1,SO44338,NULL,10-4030-018188,18188,17234,NULL,9,27121,27121,1,5117,835317Vi26772,1250,3578.27,286.2616,89.4568,3953.9884,NULL,...,"2001-10-12 00:00:00"
44339,1,"2001-10-05 00:00:00","2001-10-17 00:00:00","2001-10-12 00:00:00",5,1,SO44339,NULL,10-4030-018189,18189,14675,NULL,9,24548,24548,1,15344,835318Vi79284,1250,3578.27,286.2616,89.4568,3953.9884,NULL,...,"2001-10-12 00:00:00"
44340,1,"2001-10-05 00:00:00","2001-10-17 00:00:00","2001-10-12 00:00:00",5,1,SO44340,NULL,10-4030-017354,17354,7392,NULL,9,17243,17243,1,18704,935398Vi97250,1250,3578.27,286.2616,89.4568,3953.9884,NULL,...,"2001-10-12 00:00:00"
44341,1,"2001-10-06 00:00:00","2001-10-18 00:00:00","2001-10-13 00:00:00",5,1,SO44341,NULL,10-4030-025905,25905,5170,NULL,4,15005,15005,1,14071,333275Vi72973,NULL,3374.99,269.9992,84.3748,3729.364,NULL,...,"2001-10-13 00:00:00"
44342,1,"2001-10-06 00:00:00","2001-10-18 00:00:00","2001-10-13 00:00:00",5,1,SO44342,NULL,10-4030-014610,14610,18241,NULL,1,28132,28132,1,3234,333815Vi17018,NULL,699.0982,55.9279,17.4775,772.5036,NULL,...,"2001-10-13 00:00:00"
44343,1,"2001-10-06 00:00:00","2001-10-18 00:00:00","2001-10-13 00:00:00",5,1,SO44343,NULL,10-4030-017920,17920,19486,NULL,9,29392,29392,1,NULL,NULL,1263,3578.27,286.2616,89.4568,3953.9884,NULL,...,"2001-10-13 00:00:00"
44344,1,"2001-10-07 00:00:00","2001-10-19 00:00:00","2001-10-14 00:00:00",5,1,SO44344,NULL,10-4030-014427,14427,7154,NULL,10,17000,17000,1,16348,830959Vi84541,1283,3578.27,286.2616,89.4568,3953.9884,NULL,...,"2001-10-14 00:00:00"
44345,1,"2001-10-07 00:00:00","2001-10-19 00:00:00","2001-10-14 00:00:00",5,1,SO44345,NULL,10-4030-028200,28200,19913,NULL,4,29819,29819,1,NULL,NULL,NULL,3578.27,286.2616,89.4568,3953.9884,NULL,...,"2001-10-14 00:00:00"
44346,1,"2001-10-07 00:00:00","2001-10-19 00:00:00","2001-10-14 00:00:00",5,1,SO44346,NULL,10-4030-014602,14602,7170,NULL,4,17017,17017,1,1987,633813Vi10341,NULL,699.0982,55.9279,17.4775,772.5036,NULL,...,"2001-10-14 00:00:00"
44347,1,"2001-10-07 00:00:00","2001-10-19 00:00:00","2001-10-14 00:00:00",5,1,SO44347,NULL,10-4030-017911,17911,10876,NULL,9,20744,20744,1,5515,1035421Vi28915,1276,3578.27,286.2616,89.4568,3953.9884,NULL,...,"2001-10-14 00:00:00"
44348,1,"2001-10-08 00:00:00","2001-10-20 00:00:00","2001-10-15 00:00:00",5,1,SO44348,NULL,10-4030-014159,14159,9467,NULL,10,19326,19326,1,5020,731071Vi26321,1296,3578.27,286.2616,89.4568,3953.9884,NULL,...,"2001-10-15 00:00:00"
44349,1,"2001-10-08 00:00:00","2001-10-20 00:00:00","2001-10-15 00:00:00",5,1,SO44349,NULL,10-4030-028243,28243,14117,NULL,4,23987,23987,1,15568,631828Vi80438,NULL,3578.27,286.2616,89.4568,3953.9884,NULL,...,"2001-10-15 00:00:00"
44350,1,"2001-10-08 00:00:00","2001-10-20 00:00:00","2001-10-15 00:00:00",5,1,SO44350,NULL,10-4030-028244,28244,11570,NULL,4,21440,21440,1,6167,431829Vi32045,NULL,3578.27,286.2616,89.4568,3953.9884,NULL,...,"2001-10-15 00:00:00"
44351,1,"2001-10-08 00:00:00","2001-10-20 00:00:00","2001-10-15 00:00:00",5,1,SO44351,NULL,10-4030-028271,28271,15511,NULL,4,25395,25395,1,6471,431840Vi33580,NULL,3578.27,286.2616,89.4568,3953.9884,NULL,...,"2001-10-15 00:00:00"
44352,1,"2001-10-08 00:00:00","2001-10-20 00:00:00","2001-10-15 00:00:00",5,1,SO44352,NULL,10-4030-028297,28297,8541,NULL,1,18394,18394,1,1205,231848Vi6127,NULL,3578.27,286.2616,89.4568,3953.9884,NULL,...,"2001-10-15 00:00:00"
44353,1,"2001-10-08 00:00:00","2001-10-20 00:00:00","2001-10-15 00:00:00",5,1,SO44353,NULL,10-4030-014591,14591,4059,NULL,4,13894,13894,1,7914,733808Vi40961,NULL,699.0982,55.9279,17.4775,772.5036,NULL,...,"2001-10-15 00:00:00"
44354,1,"2001-10-08 00:00:00","2001-10-20 00:00:00","2001-10-15 00:00:00",5,1,SO44354,NULL,10-4030-014603,14603,7816,NULL,4,17669,17669,1,1454,533814Vi7470,NULL,699.0982,55.9279,17.4775,772.5036,NULL,...,"2001-10-15 00:00:00"
44355,1,"2001-10-08 00:00:00","2001-10-20 00:00:00","2001-10-15 00:00:00",5,1,SO44355,NULL,10-4030-011093,11093,5027,NULL,9,14862,14862,1,18583,434141Vi96590,1289,3399.99,271.9992,84.9998,3756.989,NULL,...,"2001-10-15 00:00:00"
44356,1,"2001-10-08 00:00:00","2001-10-20 00:00:00","2001-10-15 00:00:00",5,1,SO44356,NULL,10-4030-011099,11099,4431,NULL,9,14266,14266,1,6498,1234145Vi33739,1289,3399.99,271.9992,84.9998,3756.989,NULL,...,"2001-10-15 00:00:00"
44357,1,"2001-10-08 00:00:00","2001-10-20 00:00:00","2001-10-15 00:00:00",5,1,SO44357,NULL,10-4030-017511,17511,9590,NULL,9,19449,19449,1,4392,635404Vi23059,1289,3578.27,286.2616,89.4568,3953.9884,NULL,...,"2001-10-15 00:00:00"
44358,1,"2001-10-08 00:00:00","2001-10-20 00:00:00","2001-10-15 00:00:00",5,1,SO44358,NULL,10-4030-017732,17732,15074,NULL,9,24950,24950,1,2340,235413Vi12203,1289,3578.27,286.2616,89.4568,3953.9884,NULL,...,"2001-10-15 00:00:00"
44359,1,"2001-10-09 00:00:00","2001-10-21 00:00:00","2001-10-16 00:00:00",5,1,SO44359,NULL,10-4030-014525,14525,5074,NULL,10,14909,14909,1,15606,230961Vi80616,1309,3578.27,286.2616,89.4568,3953.9884,NULL,...,"2001-10-16 00:00:00"
44360,1,"2001-10-09 00:00:00","2001-10-21 00:00:00","2001-10-16 00:00:00",5,1,SO44360,NULL,10-4030-014158,14158,18259,NULL,10,28150,28150,1,10642,1231070Vi54851,1309,3578.27,286.2616,89.4568,3953.9884,NULL,...,"2001-10-16 00:00:00"
44361,1,"2001-10-09 00:00:00","2001-10-21 00:00:00","2001-10-16 00:00:00",5,1,SO44361,NULL,10-4030-013686,13686,19622,NULL,8,29528,29528,1,NULL,NULL,1306,3578.27,286.2616,89.4568,3953.9884,NULL,...,"2001-10-16 00:00:00"
44362,1,"2001-10-09 00:00:00","2001-10-21 00:00:00","2001-10-16 00:00:00",5,1,SO44362,NULL,10-4030-028259,28259,15672,NULL,4,25556,25556,1,14759,531836Vi76477,NULL,3578.27,286.2616,89.4568,3953.9884,NULL,...,"2001-10-16 00:00:00"
44363,1,"2001-10-09 00:00:00","2001-10-21 00:00:00","2001-10-16 00:00:00",5,1,SO44363,NULL,10-4030-028285,28285,9731,NULL,1,19591,19591,1,16368,331842Vi84631,NULL,3578.27,286.2616,89.4568,3953.9884,NULL,...,"2001-10-16 00:00:00"
44364,1,"2001-10-09 00:00:00","2001-10-21 00:00:00","2001-10-16 00:00:00",5,1,SO44364,NULL,10-4030-011092,11092,5374,NULL,9,15209,15209,1,2532,834140Vi13198,1302,3374.99,269.9992,84.3748,3729.364,NULL,...,"2001-10-16 00:00:00"
44365,1,"2001-10-09 00:00:00","2001-10-21 00:00:00","2001-10-16 00:00:00",5,1,SO44365,NULL,10-4030-017912,17912,12232,NULL,9,22102,22102,1,1591,1135302Vi8158,1302,3578.27,286.2616,89.4568,3953.9884,NULL,...,"2001-10-16 00:00:00"
44366,1,"2001-10-09 00:00:00","2001-10-21 00:00:00","2001-10-16 00:00:00",5,1,SO44366,NULL,10-4030-017502,17502,8309,NULL,9,18162,18162,1,2432,635401Vi12674,1302,3578.27,286.2616,89.4568,3953.9884,NULL,...,"2001-10-16 00:00:00"
44367,1,"2001-10-09 00:00:00","2001-10-21 00:00:00","2001-10-16 00:00:00",5,1,SO44367,NULL,10-4030-025562,25562,2896,NULL,9,12725,12725,1,3109,435440Vi16330,1302,699.0982,55.9279,17.4775,772.5036,NULL,...,"2001-10-16 00:00:00"
44368,1,"2001-10-10 00:00:00","2001-10-22 00:00:00","2001-10-17 00:00:00",5,1,SO44368,NULL,10-4030-014150,14150,14940,NULL,10,24815,24815,1,1144,631062Vi5800,1322,3578.27,286.2616,89.4568,3953.9884,NULL,...,"2001-10-17 00:00:00"
44369,1,"2001-10-10 00:00:00","2001-10-22 00:00:00","2001-10-17 00:00:00",5,1,SO44369,NULL,10-4030-028250,28250,6005,NULL,4,15840,15840,1,729,831833Vi3754,NULL,3578.27,286.2616,89.4568,3953.9884,NULL,...,"2001-10-17 00:00:00"
44370,1,"2001-10-10 00:00:00","2001-10-22 00:00:00","2001-10-17 00:00:00",5,1,SO44370,NULL,10-4030-018193,18193,12286,NULL,9,22156,22156,1,4977,435319Vi26071,1315,3578.27,286.2616,89.4568,3953.9884,NULL,...,"2001-10-17 00:00:00"
44371,1,"2001-10-10 00:00:00","2001-10-22 00:00:00","2001-10-17 00:00:00",5,1,SO44371,NULL,10-4030-017514,17514,2542,NULL,9,12369,12369,1,17113,535407Vi88867,1315,3578.27,286.2616,89.4568,3953.9884,NULL,...,"2001-10-17 00:00:00"
44372,1,"2001-10-10 00:00:00","2001-10-22 00:00:00","2001-10-17 00:00:00",5,1,SO44372,NULL,10-4030-017736,17736,5517,NULL,9,15352,15352,1,18423,135417Vi95713,1315,3578.27,286.2616,89.4568,3953.9884,NULL,...,"2001-10-17 00:00:00"
44373,1,"2001-10-11 00:00:00","2001-10-23 00:00:00","2001-10-18 00:00:00",5,1,SO44373,NULL,10-4030-013767,13767,13003,NULL,8,22873,22873,1,1726,1030962Vi8866,1332,3578.27,286.2616,89.4568,3953.9884,NULL,...,"2001-10-18 00:00:00"
44374,1,"2001-10-11 00:00:00","2001-10-23 00:00:00","2001-10-18 00:00:00",5,1,SO44374,NULL,10-4030-014157,14157,12555,NULL,10,22425,22425,1,11125,731069Vi57390,1335,3578.27,286.2616,89.4568,3953.9884,NULL,...,"2001-10-18 00:00:00"
44375,1,"2001-10-11 00:00:00","2001-10-23 00:00:00","2001-10-18 00:00:00",5,1,SO44375,NULL,10-4030-014183,14183,12447,NULL,10,22317,22317,1,18781,131074Vi97589,1335,3578.27,286.2616,89.4568,3953.9884,NULL,...,"2001-10-18 00:00:00"
44376,1,"2001-10-11 00:00:00","2001-10-23 00:00:00","2001-10-18 00:00:00",5,1,SO44376,NULL,10-4030-029399,29399,5422,NULL,8,15257,15257,1,14705,431755Vi76218,1332,3374.99,269.9992,84.3748,3729.364,NULL,...,"2001-10-18 00:00:00"
44377,1,"2001-10-11 00:00:00","2001-10-23 00:00:00","2001-10-18 00:00:00",5,1,SO44377,NULL,10-4030-028234,28234,15557,NULL,4,25441,25441,1,17091,931826Vi88760,NULL,3578.27,286.2616,89.4568,3953.9884,NULL,...,"2001-10-18 00:00:00"
44378,1,"2001-10-11 00:00:00","2001-10-23 00:00:00","2001-10-18 00:00:00",5,1,SO44378,NULL,10-4030-025903,25903,10849,NULL,1,20717,20717,1,15388,333274Vi79476,NULL,3374.99,269.9992,84.3748,3729.364,NULL,...,"2001-10-18 00:00:00"
44379,1,"2001-10-11 00:00:00","2001-10-23 00:00:00","2001-10-18 00:00:00",5,1,SO44379,NULL,10-4030-011080,11080,13468,NULL,9,23338,23338,1,8026,1234139Vi41584,1328,3374.99,269.9992,84.3748,3729.364,NULL,...,"2001-10-18 00:00:00"
44380,1,"2001-10-11 00:00:00","2001-10-23 00:00:00","2001-10-18 00:00:00",5,1,SO44380,NULL,10-4030-017915,17915,4992,NULL,9,14827,14827,1,5581,935304Vi29225,1328,3578.27,286.2616,89.4568,3953.9884,NULL,...,"2001-10-18 00:00:00"
44381,1,"2001-10-12 00:00:00","2001-10-24 00:00:00","2001-10-19 00:00:00",5,1,SO44381,NULL,10-4030-014191,14191,18294,NULL,10,28185,28185,1,14622,131076Vi75831,1348,3578.27,286.2616,89.4568,3953.9884,NULL,...,"2001-10-19 00:00:00"
44382,1,"2001-10-12 00:00:00","2001-10-24 00:00:00","2001-10-19 00:00:00",5,1,SO44382,NULL,10-4030-011341,11341,17381,NULL,10,27268,27268,1,18164,931751Vi94178,1348,3399.99,271.9992,84.9998,3756.989,NULL,...,"2001-10-19 00:00:00"
44383,1,"2001-10-12 00:00:00","2001-10-24 00:00:00","2001-10-19 00:00:00",5,1,SO44383,NULL,10-4030-028268,28268,8940,NULL,4,18794,18794,1,15910,1131838Vi82184,NULL,3578.27,286.2616,89.4568,3953.9884,NULL,...,"2001-10-19 00:00:00"
44384,1,"2001-10-12 00:00:00","2001-10-24 00:00:00","2001-10-19 00:00:00",5,1,SO44384,NULL,10-4030-028296,28296,4905,NULL,4,14740,14740,1,4706,231847Vi24661,NULL,3578.27,286.2616,89.4568,3953.9884,NULL,...,"2001-10-19 00:00:00"
44385,1,"2001-10-12 00:00:00","2001-10-24 00:00:00","2001-10-19 00:00:00",5,1,SO44385,NULL,10-4030-028298,28298,8538,NULL,4,18391,18391,1,4628,1131849Vi24267,NULL,3578.27,286.2616,89.4568,3953.9884,NULL,...,"2001-10-19 00:00:00"
44386,1,"2001-10-12 00:00:00","2001-10-24 00:00:00","2001-10-19 00:00:00",5,1,SO44386,NULL,10-4030-028587,28587,3594,NULL,4,13429,13429,1,13589,232837Vi70435,NULL,3578.27,286.2616,89.4568,3953.9884,NULL,...,"2001-10-19 00:00:00"
44387,1,"2001-10-12 00:00:00","2001-10-24 00:00:00","2001-10-19 00:00:00",5,1,SO44387,NULL,10-4030-011096,11096,4314,NULL,9,14149,14149,1,6854,734143Vi35720,1341,3374.99,269.9992,84.3748,3729.364,NULL,...,"2001-10-19 00:00:00"
44388,1,"2001-10-12 00:00:00","2001-10-24 00:00:00","2001-10-19 00:00:00",5,1,SO44388,NULL,10-4030-017924,17924,2769,NULL,9,12598,12598,1,9943,535313Vi51145,1341,3578.27,286.2616,89.4568,3953.9884,NULL,...,"2001-10-19 00:00:00"
44389,1,"2001-10-12 00:00:00","2001-10-24 00:00:00","2001-10-19 00:00:00",5,1,SO44389,NULL,10-4030-017925,17925,19514,NULL,9,29420,29420,1,NULL,NULL,1341,3578.27,286.2616,89.4568,3953.9884,NULL,...,"2001-10-19 00:00:00"
44390,1,"2001-10-12 00:00:00","2001-10-24 00:00:00","2001-10-19 00:00:00",5,1,SO44390,NULL,10-4030-017353,17353,10067,NULL,9,19930,19930,1,12756,1135397Vi65955,1341,3578.27,286.2616,89.4568,3953.9884,NULL,...,"2001-10-19 00:00:00"
44391,1,"2001-10-12 00:00:00","2001-10-24 00:00:00","2001-10-19 00:00:00",5,1,SO44391,NULL,10-4030-017730,17730,7763,NULL,9,17616,17616,1,11782,735412Vi60936,1341,3578.27,286.2616,89.4568,3953.9884,NULL,...,"2001-10-19 00:00:00"
44392,1,"2001-10-12 00:00:00","2001-10-24 00:00:00","2001-10-19 00:00:00",5,1,SO44392,NULL,10-4030-017910,17910,1771,NULL,9,11591,11591,1,2136,935420Vi11128,1341,3578.27,286.2616,89.4568,3953.9884,NULL,...,"2001-10-19 00:00:00"
44393,1,"2001-10-13 00:00:00","2001-10-25 00:00:00","2001-10-20 00:00:00",5,1,SO44393,NULL,10-4030-029398,29398,9993,NULL,8,19855,19855,1,18224,1031754Vi94517,1358,3399.99,271.9992,84.9998,3756.989,NULL,...,"2001-10-20 00:00:00"
44394,1,"2001-10-13 00:00:00","2001-10-25 00:00:00","2001-10-20 00:00:00",5,1,SO44394,NULL,10-4030-028246,28246,7446,NULL,1,17298,17298,1,15383,831830Vi79447,NULL,3578.27,286.2616,89.4568,3953.9884,NULL,...,"2001-10-20 00:00:00"
44395,1,"2001-10-13 00:00:00","2001-10-25 00:00:00","2001-10-20 00:00:00",5,1,SO44395,NULL,10-4030-028339,28339,14930,NULL,1,24805,24805,1,13948,1031851Vi72334,NULL,3578.27,286.2616,89.4568,3953.9884,NULL,...,"2001-10-20 00:00:00"
44396,1,"2001-10-13 00:00:00","2001-10-25 00:00:00","2001-10-20 00:00:00",5,1,SO44396,NULL,10-4030-025901,25901,3993,NULL,4,13828,13828,1,7023,633273Vi36487,NULL,3399.99,271.9992,84.9998,3756.989,NULL,...,"2001-10-20 00:00:00"
44397,1,"2001-10-13 00:00:00","2001-10-25 00:00:00","2001-10-20 00:00:00",5,1,SO44397,NULL,10-4030-014596,14596,9296,NULL,4,19153,19153,1,16306,333810Vi84298,NULL,699.0982,55.9279,17.4775,772.5036,NULL,...,"2001-10-20 00:00:00"
44398,1,"2001-10-13 00:00:00","2001-10-25 00:00:00","2001-10-20 00:00:00",5,1,SO44398,NULL,10-4030-017733,17733,5835,NULL,9,15670,15670,1,18617,1035414Vi96742,1354,3578.27,286.2616,89.4568,3953.9884,NULL,...,"2001-10-20 00:00:00"
44399,1,"2001-10-14 00:00:00","2001-10-26 00:00:00","2001-10-21 00:00:00",5,1,SO44399,NULL,10-4030-028240,28240,4232,NULL,1,14067,14067,1,1860,1131827Vi9662,NULL,3578.27,286.2616,89.4568,3953.9884,NULL,...,"2001-10-21 00:00:00"
44400,1,"2001-10-14 00:00:00","2001-10-26 00:00:00","2001-10-21 00:00:00",5,1,SO44400,NULL,10-4030-028588,28588,18780,NULL,4,28677,28677,1,14545,1132838Vi75436,NULL,3578.27,286.2616,89.4568,3953.9884,NULL,...,"2001-10-21 00:00:00"
44401,1,"2001-10-14 00:00:00","2001-10-26 00:00:00","2001-10-21 00:00:00",5,1,SO44401,NULL,10-4030-017515,17515,11559,NULL,9,21429,21429,1,9364,335408Vi48275,1367,3578.27,286.2616,89.4568,3953.9884,NULL,...,"2001-10-21 00:00:00"
44402,1,"2001-10-15 00:00:00","2001-10-27 00:00:00","2001-10-22 00:00:00",5,1,SO44402,NULL,10-4030-013666,13666,14385,NULL,8,24255,24255,1,9186,431068Vi47419,1384,3578.27,286.2616,89.4568,3953.9884,NULL,...,"2001-10-22 00:00:00"
44403,1,"2001-10-15 00:00:00","2001-10-27 00:00:00","2001-10-22 00:00:00",5,1,SO44403,NULL,10-4030-019844,19844,18697,NULL,6,28592,28592,1,5769,833276Vi30148,1382,3374.99,269.9992,84.3748,3729.364,NULL,...,"2001-10-22 00:00:00"
44404,1,"2001-10-16 00:00:00","2001-10-28 00:00:00","2001-10-23 00:00:00",5,1,SO44404,NULL,10-4030-028221,28221,10443,NULL,4,20310,20310,1,10519,1031822Vi54189,NULL,3578.27,286.2616,89.4568,3953.9884,NULL,...,"2001-10-23 00:00:00"
44405,1,"2001-10-16 00:00:00","2001-10-28 00:00:00","2001-10-23 00:00:00",5,1,SO44405,NULL,10-4030-028224,28224,12343,NULL,4,22213,22213,1,3979,231825Vi20971,NULL,3578.27,286.2616,89.4568,3953.9884,NULL,...,"2001-10-23 00:00:00"
44406,1,"2001-10-16 00:00:00","2001-10-28 00:00:00","2001-10-23 00:00:00",5,1,SO44406,NULL,10-4030-028299,28299,5640,NULL,4,15475,15475,1,16823,431850Vi87158,NULL,3578.27,286.2616,89.4568,3953.9884,NULL,...,"2001-10-23 00:00:00"
44407,1,"2001-10-16 00:00:00","2001-10-28 00:00:00","2001-10-23 00:00:00",5,1,SO44407,NULL,10-4030-011077,11077,16655,NULL,9,26541,26541,1,4736,634138Vi24841,1393,3374.99,269.9992,84.3748,3729.364,NULL,...,"2001-10-23 00:00:00"
44408,1,"2001-10-16 00:00:00","2001-10-28 00:00:00","2001-10-23 00:00:00",5,1,SO44408,NULL,10-4030-011103,11103,8105,NULL,9,17958,17958,1,16501,334148Vi85458,1393,3374.99,269.9992,84.3748,3729.364,NULL,...,"2001-10-23 00:00:00"
44409,1,"2001-10-16 00:00:00","2001-10-28 00:00:00","2001-10-23 00:00:00",5,1,SO44409,NULL,10-4030-025563,25563,17964,NULL,9,27852,27852,1,4886,935441Vi25659,1393,699.0982,55.9279,17.4775,772.5036,NULL,...,"2001-10-23 00:00:00"
44410,1,"2001-10-17 00:00:00","2001-10-29 00:00:00","2001-10-24 00:00:00",5,1,SO44410,NULL,10-4030-028223,28223,11286,NULL,4,21156,21156,1,5259,831824Vi27514,NULL,3578.27,286.2616,89.4568,3953.9884,NULL,...,"2001-10-24 00:00:00"
44411,1,"2001-10-17 00:00:00","2001-10-29 00:00:00","2001-10-24 00:00:00",5,1,SO44411,NULL,10-4030-028584,28584,775,NULL,4,18895,18895,1,16746,732835Vi86752,NULL,3578.27,286.2616,89.4568,3953.9884,NULL,...,"2001-10-24 00:00:00"
44412,1,"2001-10-17 00:00:00","2001-10-29 00:00:00","2001-10-24 00:00:00",5,1,SO44412,NULL,10-4030-011100,11100,5338,NULL,9,15173,15173,1,268,534146Vi1395,1406,3374.99,269.9992,84.3748,3729.364,NULL,...,"2001-10-24 00:00:00"
44413,1,"2001-10-18 00:00:00","2001-10-30 00:00:00","2001-10-25 00:00:00",5,1,SO44413,NULL,10-4030-013606,13606,8420,NULL,8,18273,18273,1,16641,1231063Vi86154,1423,3578.27,286.2616,89.4568,3953.9884,NULL,...,"2001-10-25 00:00:00"
44414,1,"2001-10-18 00:00:00","2001-10-30 00:00:00","2001-10-25 00:00:00",5,1,SO44414,NULL,10-4030-028340,28340,13129,NULL,4,22999,22999,1,15289,731852Vi79065,NULL,3578.27,286.2616,89.4568,3953.9884,NULL,...,"2001-10-25 00:00:00"
44415,1,"2001-10-18 00:00:00","2001-10-30 00:00:00","2001-10-25 00:00:00",5,1,SO44415,NULL,10-4030-028355,28355,13788,NULL,4,23658,23658,1,9343,532661Vi48154,NULL,3578.27,286.2616,89.4568,3953.9884,NULL,...,"2001-10-25 00:00:00"
44416,1,"2001-10-18 00:00:00","2001-10-30 00:00:00","2001-10-25 00:00:00",5,1,SO44416,NULL,10-4030-011069,11069,9208,NULL,9,19064,19064,1,2459,334133Vi12798,1419,3399.99,271.9992,84.9998,3756.989,NULL,...,"2001-10-25 00:00:00"
44417,1,"2001-10-18 00:00:00","2001-10-30 00:00:00","2001-10-25 00:00:00",5,1,SO44417,NULL,10-4030-017917,17917,7942,NULL,9,17795,17795,1,12037,135306Vi62219,1419,3578.27,286.2616,89.4568,3953.9884,NULL,...,"2001-10-25 00:00:00"
44418,1,"2001-10-18 00:00:00","2001-10-30 00:00:00","2001-10-25 00:00:00",5,1,SO44418,NULL,10-4030-017919,17919,10048,NULL,9,19911,19911,1,14229,435308Vi73771,1419,3578.27,286.2616,89.4568,3953.9884,NULL,...,"2001-10-25 00:00:00"
44419,1,"2001-10-18 00:00:00","2001-10-30 00:00:00","2001-10-25 00:00:00",5,1,SO44419,NULL,10-4030-017352,17352,8445,NULL,9,18298,18298,1,14483,135396Vi75107,1419,3578.27,286.2616,89.4568,3953.9884,NULL,...,"2001-10-25 00:00:00"
44420,1,"2001-10-18 00:00:00","2001-10-30 00:00:00","2001-10-25 00:00:00",5,1,SO44420,NULL,10-4030-017512,17512,2999,NULL,9,12829,12829,1,13294,935405Vi68945,1419,3578.27,286.2616,89.4568,3953.9884,NULL,...,"2001-10-25 00:00:00"
44421,1,"2001-10-19 00:00:00","2001-10-31 00:00:00","2001-10-26 00:00:00",5,1,SO44421,NULL,10-4030-013607,13607,7125,NULL,8,16971,16971,1,412,531067Vi2092,1436,3578.27,286.2616,89.4568,3953.9884,NULL,...,"2001-10-26 00:00:00"
44422,1,"2001-10-19 00:00:00","2001-10-31 00:00:00","2001-10-26 00:00:00",5,1,SO44422,NULL,10-4030-019353,19353,13066,NULL,8,22936,22936,1,3375,232664Vi17778,1436,699.0982,55.9279,17.4775,772.5036,NULL,...,"2001-10-26 00:00:00"
44423,1,"2001-10-19 00:00:00","2001-10-31 00:00:00","2001-10-26 00:00:00",5,1,SO44423,NULL,10-4030-028586,28586,5068,NULL,4,14903,14903,1,14047,932836Vi72883,NULL,3578.27,286.2616,89.4568,3953.9884,NULL,...,"2001-10-26 00:00:00"
44424,1,"2001-10-19 00:00:00","2001-10-31 00:00:00","2001-10-26 00:00:00",5,1,SO44424,NULL,10-4030-017916,17916,15614,NULL,9,25498,25498,1,19207,1035305Vi99812,1432,3578.27,286.2616,89.4568,3953.9884,NULL,...,"2001-10-26 00:00:00"
44425,1,"2001-10-19 00:00:00","2001-10-31 00:00:00","2001-10-26 00:00:00",5,1,SO44425,NULL,10-4030-017504,17504,11374,NULL,9,21244,21244,1,10385,235402Vi53562,1432,3578.27,286.2616,89.4568,3953.9884,NULL,...,"2001-10-26 00:00:00"
44426,1,"2001-10-20 00:00:00","2001-11-01 00:00:00","2001-10-27 00:00:00",5,1,SO44426,NULL,10-4030-013770,13770,9965,NULL,8,19827,19827,1,17857,830964Vi92650,1449,3578.27,286.2616,89.4568,3953.9884,NULL,...,"2001-10-27 00:00:00"
44427,1,"2001-10-20 00:00:00","2001-11-01 00:00:00","2001-10-27 00:00:00",5,1,SO44427,NULL,10-4030-014146,14146,2546,NULL,10,12373,12373,1,2488,531061Vi12963,1452,3578.27,286.2616,89.4568,3953.9884,NULL,...,"2001-10-27 00:00:00"
44428,1,"2001-10-20 00:00:00","2001-11-01 00:00:00","2001-10-27 00:00:00",5,1,SO44428,NULL,10-4030-028362,28362,8704,NULL,4,18557,18557,1,1347,1032830Vi6857,NULL,3578.27,286.2616,89.4568,3953.9884,NULL,...,"2001-10-27 00:00:00"
44429,1,"2001-10-20 00:00:00","2001-11-01 00:00:00","2001-10-27 00:00:00",5,1,SO44429,NULL,10-4030-028583,28583,5752,NULL,1,15587,15587,1,3412,1132833Vi17955,NULL,3578.27,286.2616,89.4568,3953.9884,NULL,...,"2001-10-27 00:00:00"
44430,1,"2001-10-20 00:00:00","2001-11-01 00:00:00","2001-10-27 00:00:00",5,1,SO44430,NULL,10-4030-017927,17927,18610,NULL,9,28503,28503,1,13221,1235316Vi68581,1445,3578.27,286.2616,89.4568,3953.9884,NULL,...,"2001-10-27 00:00:00"
44431,1,"2001-10-20 00:00:00","2001-11-01 00:00:00","2001-10-27 00:00:00",5,1,SO44431,NULL,10-4030-017725,17725,17842,NULL,9,27730,27730,1,3439,535409Vi18131,1445,3578.27,286.2616,89.4568,3953.9884,NULL,...,"2001-10-27 00:00:00"
44432,1,"2001-10-21 00:00:00","2001-11-02 00:00:00","2001-10-28 00:00:00",5,1,SO44432,NULL,10-4030-014165,14165,1910,NULL,10,11730,11730,1,157,931073Vi825,1465,3578.27,286.2616,89.4568,3953.9884,NULL,...,"2001-10-28 00:00:00"
44433,1,"2001-10-21 00:00:00","2001-11-02 00:00:00","2001-10-28 00:00:00",5,1,SO44433,NULL,10-4030-028270,28270,5198,NULL,1,15033,15033,1,9433,931839Vi48642,NULL,3578.27,286.2616,89.4568,3953.9884,NULL,...,"2001-10-28 00:00:00"
44434,1,"2001-10-21 00:00:00","2001-11-02 00:00:00","2001-10-28 00:00:00",5,1,SO44434,NULL,10-4030-028580,28580,4995,NULL,4,14830,14830,1,2345,1032832Vi12225,NULL,3578.27,286.2616,89.4568,3953.9884,NULL,...,"2001-10-28 00:00:00"
44435,1,"2001-10-22 00:00:00","2001-11-03 00:00:00","2001-10-29 00:00:00",5,1,SO44435,NULL,10-4030-028573,28573,6008,NULL,1,15843,15843,1,9587,1232831Vi49427,NULL,3578.27,286.2616,89.4568,3953.9884,NULL,...,"2001-10-29 00:00:00"
44436,1,"2001-10-22 00:00:00","2001-11-03 00:00:00","2001-10-29 00:00:00",5,1,SO44436,NULL,10-4030-026630,26630,6604,NULL,6,16443,16443,1,18245,233809Vi94623,1473,699.0982,55.9279,17.4775,772.5036,NULL,...,"2001-10-29 00:00:00"
44437,1,"2001-10-22 00:00:00","2001-11-03 00:00:00","2001-10-29 00:00:00",5,1,SO44437,NULL,10-4030-011076,11076,3357,NULL,9,13192,13192,1,6753,134137Vi35121,1471,3399.99,271.9992,84.9998,3756.989,NULL,...,"2001-10-29 00:00:00"
44438,1,"2001-10-22 00:00:00","2001-11-03 00:00:00","2001-10-29 00:00:00",5,1,SO44438,NULL,10-4030-017909,17909,13206,NULL,9,23076,23076,1,17620,935419Vi91459,1471,3578.27,286.2616,89.4568,3953.9884,NULL,...,"2001-10-29 00:00:00"
44439,1,"2001-10-23 00:00:00","2001-11-04 00:00:00","2001-10-30 00:00:00",5,1,SO44439,NULL,10-4030-014195,14195,13834,NULL,10,23704,23704,1,2346,130957Vi12228,1491,3578.27,286.2616,89.4568,3953.9884,NULL,...,"2001-10-30 00:00:00"
44440,1,"2001-10-23 00:00:00","2001-11-04 00:00:00","2001-10-30 00:00:00",5,1,SO44440,NULL,10-4030-012261,12261,2450,NULL,7,12276,12276,1,12747,731065Vi65901,1490,3578.27,286.2616,89.4568,3953.9884,NULL,...,"2001-10-30 00:00:00"
44441,1,"2001-10-23 00:00:00","2001-11-04 00:00:00","2001-10-30 00:00:00",5,1,SO44441,NULL,10-4030-022118,22118,8970,NULL,6,18824,18824,1,13210,531832Vi68520,1486,3578.27,286.2616,89.4568,3953.9884,NULL,...,"2001-10-30 00:00:00"
44442,1,"2001-10-23 00:00:00","2001-11-04 00:00:00","2001-10-30 00:00:00",5,1,SO44442,NULL,10-4030-014599,14599,4048,NULL,1,13883,13883,1,2698,333811Vi14000,NULL,699.0982,55.9279,17.4775,772.5036,NULL,...,"2001-10-30 00:00:00"
44443,1,"2001-10-23 00:00:00","2001-11-04 00:00:00","2001-10-30 00:00:00",5,1,SO44443,NULL,10-4030-017370,17370,12404,NULL,9,22274,22274,1,11022,235399Vi56848,1484,3578.27,286.2616,89.4568,3953.9884,NULL,...,"2001-10-30 00:00:00"
44444,1,"2001-10-25 00:00:00","2001-11-06 00:00:00","2001-11-01 00:00:00",5,1,SO44444,NULL,10-4030-013697,13697,17578,NULL,8,27466,27466,1,7331,330958Vi38045,1514,3578.27,286.2616,89.4568,3953.9884,NULL,...,"2001-11-01 00:00:00"
44445,1,"2001-10-26 00:00:00","2001-11-07 00:00:00","2001-11-02 00:00:00",5,1,SO44445,NULL,10-4030-017478,17478,14193,NULL,9,24063,24063,1,2325,335400Vi12139,1523,3578.27,286.2616,89.4568,3953.9884,NULL,...,"2001-11-02 00:00:00"
44446,1,"2001-10-26 00:00:00","2001-11-07 00:00:00","2001-11-02 00:00:00",5,1,SO44446,NULL,10-4030-017914,17914,19349,NULL,9,29253,29253,1,NULL,NULL,1523,3578.27,286.2616,89.4568,3953.9884,NULL,...,"2001-11-02 00:00:00"
44447,1,"2001-10-27 00:00:00","2001-11-08 00:00:00","2001-11-03 00:00:00",5,1,SO44447,NULL,10-4030-012265,12265,16531,NULL,7,26417,26417,1,1171,1031066Vi5937,1542,3578.27,286.2616,89.4568,3953.9884,NULL,...,"2001-11-03 00:00:00"
44448,1,"2001-10-27 00:00:00","2001-11-08 00:00:00","2001-11-03 00:00:00",5,1,SO44448,NULL,10-4030-028264,28264,19195,NULL,1,29096,29096,1,14148,1031837Vi73410,NULL,3578.27,286.2616,89.4568,3953.9884,NULL,...,"2001-11-03 00:00:00"
44449,1,"2001-10-27 00:00:00","2001-11-08 00:00:00","2001-11-03 00:00:00",5,1,SO44449,NULL,10-4030-028293,28293,7726,NULL,4,17579,17579,1,5339,331844Vi27937,NULL,3578.27,286.2616,89.4568,3953.9884,NULL,...,"2001-11-03 00:00:00"
44450,1,"2001-10-27 00:00:00","2001-11-08 00:00:00","2001-11-03 00:00:00",5,1,SO44450,NULL,10-4030-028294,28294,11954,NULL,4,21824,21824,1,18626,831845Vi96772,NULL,3578.27,286.2616,89.4568,3953.9884,NULL,...,"2001-11-03 00:00:00"
44451,1,"2001-10-27 00:00:00","2001-11-08 00:00:00","2001-11-03 00:00:00",5,1,SO44451,NULL,10-4030-028295,28295,3027,NULL,1,12858,12858,1,17780,231846Vi92256,NULL,3578.27,286.2616,89.4568,3953.9884,NULL,...,"2001-11-03 00:00:00"
44452,1,"2001-10-27 00:00:00","2001-11-08 00:00:00","2001-11-03 00:00:00",5,1,SO44452,NULL,10-4030-020164,20164,708,NULL,10,17009,17009,1,1133,1032667Vi5725,1543,699.0982,55.9279,17.4775,772.5036,NULL,...,"2001-11-03 00:00:00"
44453,1,"2001-10-27 00:00:00","2001-11-08 00:00:00","2001-11-03 00:00:00",5,1,SO44453,NULL,10-4030-017923,17923,18523,NULL,9,28414,28414,1,7633,1035312Vi39548,1536,3578.27,286.2616,89.4568,3953.9884,NULL,...,"2001-11-03 00:00:00"
44454,1,"2001-10-27 00:00:00","2001-11-08 00:00:00","2001-11-03 00:00:00",5,1,SO44454,NULL,10-4030-017926,17926,9221,NULL,9,19077,19077,1,8127,1235315Vi42133,1536,3578.27,286.2616,89.4568,3953.9884,NULL,...,"2001-11-03 00:00:00"
44455,1,"2001-10-27 00:00:00","2001-11-08 00:00:00","2001-11-03 00:00:00",5,1,SO44455,NULL,10-4030-017513,17513,13802,NULL,9,23672,23672,1,15451,535406Vi79794,1536,3578.27,286.2616,89.4568,3953.9884,NULL,...,"2001-11-03 00:00:00"
44456,1,"2001-10-27 00:00:00","2001-11-08 00:00:00","2001-11-03 00:00:00",5,1,SO44456,NULL,10-4030-025560,25560,5331,NULL,9,15166,15166,1,4430,1035438Vi23275,1536,699.0982,55.9279,17.4775,772.5036,NULL,...,"2001-11-03 00:00:00"
44457,1,"2001-10-28 00:00:00","2001-11-09 00:00:00","2001-11-04 00:00:00",5,1,SO44457,NULL,10-4030-028196,28196,13980,NULL,1,23850,23850,1,2717,431820Vi14111,NULL,3578.27,286.2616,89.4568,3953.9884,NULL,...,"2001-11-04 00:00:00"
44458,1,"2001-10-28 00:00:00","2001-11-09 00:00:00","2001-11-04 00:00:00",5,1,SO44458,NULL,10-4030-028247,28247,16031,NULL,1,25917,25917,1,15433,331831Vi79704,NULL,3578.27,286.2616,89.4568,3953.9884,NULL,...,"2001-11-04 00:00:00"
44459,1,"2001-10-28 00:00:00","2001-11-09 00:00:00","2001-11-04 00:00:00",5,1,SO44459,NULL,10-4030-028288,28288,3064,NULL,4,12895,12895,1,988,831843Vi4941,NULL,3578.27,286.2616,89.4568,3953.9884,NULL,...,"2001-11-04 00:00:00"
44460,1,"2001-10-28 00:00:00","2001-11-09 00:00:00","2001-11-04 00:00:00",5,1,SO44460,NULL,10-4030-020150,20150,18250,NULL,10,28141,28141,1,12452,432666Vi64399,1556,699.0982,55.9279,17.4775,772.5036,NULL,...,"2001-11-04 00:00:00"
44461,1,"2001-10-28 00:00:00","2001-11-09 00:00:00","2001-11-04 00:00:00",5,1,SO44461,NULL,10-4030-017918,17918,4248,NULL,9,14083,14083,1,2806,935307Vi14613,1549,3578.27,286.2616,89.4568,3953.9884,NULL,...,"2001-11-04 00:00:00"
44462,1,"2001-10-29 00:00:00","2001-11-10 00:00:00","2001-11-05 00:00:00",5,1,SO44462,NULL,10-4030-014155,14155,18494,NULL,10,28385,28385,1,2742,431064Vi14267,1569,3578.27,286.2616,89.4568,3953.9884,NULL,...,"2001-11-05 00:00:00"
44463,1,"2001-10-29 00:00:00","2001-11-10 00:00:00","2001-11-05 00:00:00",5,1,SO44463,NULL,10-4030-019340,19340,14217,NULL,8,24087,24087,1,9373,232663Vi48331,1566,699.0982,55.9279,17.4775,772.5036,NULL,...,"2001-11-05 00:00:00"
44464,1,"2001-10-29 00:00:00","2001-11-10 00:00:00","2001-11-05 00:00:00",5,1,SO44464,NULL,10-4030-022120,22120,19710,NULL,6,29616,29616,1,NULL,NULL,1564,3578.27,286.2616,89.4568,3953.9884,NULL,...,"2001-11-05 00:00:00"
44465,1,"2001-10-29 00:00:00","2001-11-10 00:00:00","2001-11-05 00:00:00",5,1,SO44465,NULL,10-4030-014613,14613,4878,NULL,1,14713,14713,1,15909,1133816Vi82183,NULL,699.0982,55.9279,17.4775,772.5036,NULL,...,"2001-11-05 00:00:00"
44466,1,"2001-10-29 00:00:00","2001-11-10 00:00:00","2001-11-05 00:00:00",5,1,SO44466,NULL,10-4030-026640,26640,4250,NULL,6,14085,14085,1,12890,1133817Vi66662,1564,699.0982,55.9279,17.4775,772.5036,NULL,...,"2001-11-05 00:00:00"
44467,1,"2001-10-29 00:00:00","2001-11-10 00:00:00","2001-11-05 00:00:00",5,1,SO44467,NULL,10-4030-011070,11070,12617,NULL,9,22487,22487,1,15127,234134Vi78248,1562,3399.99,271.9992,84.9998,3756.989,NULL,...,"2001-11-05 00:00:00"
44468,1,"2001-10-29 00:00:00","2001-11-10 00:00:00","2001-11-05 00:00:00",5,1,SO44468,NULL,10-4030-011075,11075,13467,NULL,9,23337,23337,1,3176,934136Vi16681,1562,3374.99,269.9992,84.3748,3729.364,NULL,...,"2001-11-05 00:00:00"
44469,1,"2001-10-29 00:00:00","2001-11-10 00:00:00","2001-11-05 00:00:00",5,1,SO44469,NULL,10-4030-017734,17734,16661,NULL,9,26547,26547,1,8583,735415Vi44379,1562,3578.27,286.2616,89.4568,3953.9884,NULL,...,"2001-11-05 00:00:00"
44470,1,"2001-10-29 00:00:00","2001-11-10 00:00:00","2001-11-05 00:00:00",5,1,SO44470,NULL,10-4030-017735,17735,4823,NULL,9,14658,14658,1,9405,735416Vi48489,1562,3578.27,286.2616,89.4568,3953.9884,NULL,...,"2001-11-05 00:00:00"
44471,1,"2001-10-29 00:00:00","2001-11-10 00:00:00","2001-11-05 00:00:00",5,1,SO44471,NULL,10-4030-025561,25561,4577,NULL,9,14412,14412,1,8021,835439Vi41536,1562,699.0982,55.9279,17.4775,772.5036,NULL,...,"2001-11-05 00:00:00"
44472,1,"2001-10-30 00:00:00","2001-11-11 00:00:00","2001-11-06 00:00:00",5,1,SO44472,NULL,10-4030-013685,13685,12814,NULL,8,22684,22684,1,3737,1031072Vi19705,1579,3578.27,286.2616,89.4568,3953.9884,NULL,...,"2001-11-06 00:00:00"
44473,1,"2001-10-30 00:00:00","2001-11-11 00:00:00","2001-11-06 00:00:00",5,1,SO44473,NULL,10-4030-028255,28255,16467,NULL,1,26353,26353,1,11028,931834Vi56885,NULL,3578.27,286.2616,89.4568,3953.9884,NULL,...,"2001-11-06 00:00:00"
44474,1,"2001-10-30 00:00:00","2001-11-11 00:00:00","2001-11-06 00:00:00",5,1,SO44474,NULL,10-4030-014601,14601,4486,NULL,4,14321,14321,1,13859,833812Vi71840,NULL,699.0982,55.9279,17.4775,772.5036,NULL,...,"2001-11-06 00:00:00"
44475,1,"2001-10-30 00:00:00","2001-11-11 00:00:00","2001-11-06 00:00:00",5,1,SO44475,NULL,10-4030-011101,11101,17010,NULL,9,26896,26896,1,11628,534147Vi60074,1575,3399.99,271.9992,84.9998,3756.989,NULL,...,"2001-11-06 00:00:00"
44476,1,"2001-10-30 00:00:00","2001-11-11 00:00:00","2001-11-06 00:00:00",5,1,SO44476,NULL,10-4030-017913,17913,11616,NULL,9,21486,21486,1,15106,1235303Vi78160,1575,3578.27,286.2616,89.4568,3953.9884,NULL,...,"2001-11-06 00:00:00"
44477,1,"2001-10-30 00:00:00","2001-11-11 00:00:00","2001-11-06 00:00:00",5,1,SO44477,NULL,10-4030-017922,17922,18579,NULL,9,28472,28472,1,5004,535311Vi26219,1575,3578.27,286.2616,89.4568,3953.9884,NULL,...,"2001-11-06 00:00:00"
44478,1,"2001-10-30 00:00:00","2001-11-11 00:00:00","2001-11-06 00:00:00",5,1,SO44478,NULL,10-4030-017726,17726,6003,NULL,9,15838,15838,1,14041,435410Vi72832,1575,3578.27,286.2616,89.4568,3953.9884,NULL,...,"2001-11-06 00:00:00"
44479,1,"2001-10-31 00:00:00","2001-11-12 00:00:00","2001-11-07 00:00:00",5,1,SO44479,NULL,10-4030-029391,29391,8823,NULL,8,18676,18676,1,1245,631752Vi6322,1592,3374.99,269.9992,84.3748,3729.364,NULL,...,"2001-11-07 00:00:00"
44480,1,"2001-10-31 00:00:00","2001-11-12 00:00:00","2001-11-07 00:00:00",5,1,SO44480,NULL,10-4030-025891,25891,17627,NULL,4,27515,27515,1,11742,533271Vi60717,NULL,3374.99,269.9992,84.3748,3729.364,NULL,...,"2001-11-07 00:00:00"
44481,1,"2001-11-01 00:00:00","2001-11-13 00:00:00","2001-11-08 00:00:00",5,0,SO44481,PO609189211,10-4020-000492,492,305,276,4,1070,1070,5,13246,65025Vi68706,NULL,31637.6688,2531.0135,790.9417,34959.624,NULL,...,"2001-11-08 00:00:00"
44482,1,"2001-11-01 00:00:00","2001-11-13 00:00:00","2001-11-08 00:00:00",5,0,SO44482,PO20300189443,10-4020-000129,129,212,277,3,573,573,5,16871,105028Vi87475,NULL,503.3507,40.2681,12.5838,556.2026,NULL,...,"2001-11-08 00:00:00"
44483,1,"2001-11-01 00:00:00","2001-11-13 00:00:00","2001-11-08 00:00:00",5,0,SO44483,PO19981138202,10-4020-000271,271,148,280,1,862,862,5,5758,125055Vi30104,NULL,3620.7951,289.6636,90.5199,4000.9786,NULL,...,"2001-11-08 00:00:00"
44484,1,"2001-11-01 00:00:00","2001-11-13 00:00:00","2001-11-08 00:00:00",5,0,SO44484,PO19691173790,10-4020-000353,353,159,282,6,503,503,5,5577,105060Vi29202,1603,9817.1962,785.3757,245.4299,10848.0018,NULL,...,"2001-11-08 00:00:00"
44485,1,"2001-11-01 00:00:00","2001-11-13 00:00:00","2001-11-08 00:00:00",5,0,SO44485,PO20242116788,10-4020-000390,390,835,278,6,510,510,5,3088,55067Vi16259,1603,4859.9856,388.7988,121.4996,5370.284,NULL,...,"2001-11-08 00:00:00"
44486,1,"2001-11-01 00:00:00","2001-11-13 00:00:00","2001-11-08 00:00:00",5,0,SO44486,PO19430111880,10-4020-000318,318,74,278,6,498,498,5,5528,115095Vi28965,1603,730.2078,58.4166,18.2552,806.8796,NULL,...,"2001-11-08 00:00:00"
44487,1,"2001-11-01 00:00:00","2001-11-13 00:00:00","2001-11-08 00:00:00",5,0,SO44487,PO19923199875,10-4020-000018,18,521,275,3,756,756,5,13712,25104Vi71036,NULL,50349.2562,4027.9405,1258.7314,55635.9281,NULL,...,"2001-11-08 00:00:00"
44488,1,"2001-11-01 00:00:00","2001-11-13 00:00:00","2001-11-08 00:00:00",5,0,SO44488,PO19546136242,10-4020-000206,206,446,279,5,930,930,5,2364,15164Vi12293,NULL,39423.7874,3153.903,985.5947,43563.2851,NULL,...,"2001-11-08 00:00:00"
44489,1,"2001-11-01 00:00:00","2001-11-13 00:00:00","2001-11-08 00:00:00",5,0,SO44489,PO18908177526,10-4020-000164,164,264,283,1,851,851,5,15882,15176Vi82057,NULL,12340.8002,987.264,308.52,13636.5842,NULL,...,"2001-11-08 00:00:00"
44490,1,"2001-11-01 00:00:00","2001-11-13 00:00:00","2001-11-08 00:00:00",5,0,SO44490,PO19227160482,10-4020-000210,210,61,278,6,480,480,5,181,55185Vi966,1603,4063.668,325.0934,101.5917,4490.3531,NULL,...,"2001-11-08 00:00:00"
44491,1,"2001-11-01 00:00:00","2001-11-13 00:00:00","2001-11-08 00:00:00",5,0,SO44491,PO19256179500,10-4020-000162,162,82,275,2,772,772,5,1163,45187Vi5889,NULL,4112.9084,329.0327,102.8227,4544.7638,NULL,...,"2001-11-08 00:00:00"
44492,1,"2001-11-01 00:00:00","2001-11-13 00:00:00","2001-11-08 00:00:00",5,0,SO44492,PO18676158978,10-4020-000697,697,371,276,1,1104,1104,5,14559,55266Vi75492,NULL,81075.5851,6486.0468,2026.8896,89588.5215,NULL,...,"2001-11-08 00:00:00"
44493,1,"2001-11-01 00:00:00","2001-11-13 00:00:00","2001-11-08 00:00:00",5,0,SO44493,PO18560118950,10-4020-000531,531,583,279,5,969,969,5,4459,115290Vi23395,NULL,7758.1879,620.655,193.9547,8572.7976,NULL,...,"2001-11-08 00:00:00"
44494,1,"2001-11-01 00:00:00","2001-11-13 00:00:00","2001-11-08 00:00:00",5,0,SO44494,PO18386158045,10-4020-000558,558,27,275,2,816,816,5,8979,125304Vi46289,NULL,34243.6667,2739.4933,856.0917,37839.2517,NULL,...,"2001-11-08 00:00:00"
44495,1,"2001-11-01 00:00:00","2001-11-13 00:00:00","2001-11-08 00:00:00",5,0,SO44495,PO18270111190,10-4020-000011,11,366,282,6,446,446,5,12279,85305Vi63488,1603,4890.3356,391.2268,122.2584,5403.8208,NULL,...,"2001-11-08 00:00:00"
44496,1,"2001-11-01 00:00:00","2001-11-13 00:00:00","2001-11-08 00:00:00",5,0,SO44496,PO18415194469,10-4020-000191,191,451,282,6,476,476,5,11072,75307Vi57135,1603,35762.7243,2861.0179,894.0681,39517.8103,NULL,...,"2001-11-08 00:00:00"
44497,1,"2001-11-01 00:00:00","2001-11-13 00:00:00","2001-11-08 00:00:00",5,0,SO44497,PO17777180922,10-4020-000208,208,558,282,6,478,478,5,9855,45350Vi50783,1603,1446.8756,115.75,36.1719,1598.7975,NULL,...,"2001-11-08 00:00:00"
44498,1,"2001-11-01 00:00:00","2001-11-13 00:00:00","2001-11-08 00:00:00",5,0,SO44498,PO17748167942,10-4020-000102,102,511,278,6,462,462,5,14454,65397Vi74935,1603,18553.2571,1484.2606,463.8314,20501.3491,NULL,...,"2001-11-08 00:00:00"
44499,1,"2001-11-01 00:00:00","2001-11-13 00:00:00","2001-11-08 00:00:00",5,0,SO44499,PO17313144828,10-4020-000389,389,224,282,6,509,509,5,18049,55411Vi93678,1603,14604.1318,1168.3305,365.1033,16137.5656,NULL,...,"2001-11-08 00:00:00"
44500,1,"2001-11-01 00:00:00","2001-11-13 00:00:00","2001-11-08 00:00:00",5,0,SO44500,PO16762152605,10-4020-000259,259,422,276,4,1032,1032,5,11840,85512Vi61174,NULL,5641.8262,451.3461,141.0457,6234.218,NULL,...,"2001-11-08 00:00:00"
44501,1,"2001-11-01 00:00:00","2001-11-13 00:00:00","2001-11-08 00:00:00",5,0,SO44501,PO16646128920,10-4020-000001,1,322,280,1,832,832,5,19181,105516Vi99678,NULL,23646.0339,1891.6827,591.1508,26128.8674,NULL,...,"2001-11-08 00:00:00"
44502,1,"2001-11-01 00:00:00","2001-11-13 00:00:00","2001-11-08 00:00:00",5,0,SO44502,PO16791147707,10-4020-000036,36,527,275,2,758,758,5,3274,35546Vi17259,NULL,21499.6482,1719.9719,537.4912,23757.1113,NULL,...,"2001-11-08 00:00:00"
44503,1,"2001-11-01 00:00:00","2001-11-13 00:00:00","2001-11-08 00:00:00",5,0,SO44503,PO16849193815,10-4020-000198,198,81,275,3,776,776,5,1684,55563Vi8604,NULL,3632.0325,290.5626,90.8008,4013.3959,NULL,...,"2001-11-08 00:00:00"
44504,1,"2001-11-01 00:00:00","2001-11-13 00:00:00","2001-11-08 00:00:00",5,0,SO44504,PO16733198490,10-4020-000533,533,851,282,6,534,534,5,18260,45577Vi94762,1603,23979.9114,1918.3929,599.4978,26497.8021,NULL,...,"2001-11-08 00:00:00"
44505,1,"2001-11-01 00:00:00","2001-11-13 00:00:00","2001-11-08 00:00:00",5,0,SO44505,PO16037162003,10-4020-000384,384,833,276,4,1052,1052,5,1896,45611Vi9831,NULL,42050.0442,3364.0035,1051.2511,46465.2988,NULL,...,"2001-11-08 00:00:00"
44506,1,"2001-11-01 00:00:00","2001-11-13 00:00:00","2001-11-08 00:00:00",5,0,SO44506,PO16327113845,10-4020-000584,584,297,279,5,974,974,5,6675,45617Vi34749,NULL,42805.5003,3424.44,1070.1375,47300.0778,NULL,...,"2001-11-08 00:00:00"
44507,1,"2001-11-01 00:00:00","2001-11-13 00:00:00","2001-11-08 00:00:00",5,0,SO44507,PO16211193285,10-4020-000099,99,510,279,5,919,919,5,6777,55634Vi35295,NULL,47317.1118,3785.3689,1182.9278,52285.4085,NULL,...,"2001-11-08 00:00:00"
44508,1,"2001-11-01 00:00:00","2001-11-13 00:00:00","2001-11-08 00:00:00",5,0,SO44508,PO15747148710,10-4020-000471,471,312,268,4,611,611,5,11717,65658Vi60618,NULL,5033.507,402.6806,125.8377,5562.0253,NULL,...,"2001-11-08 00:00:00"
44509,1,"2001-11-01 00:00:00","2001-11-13 00:00:00","2001-11-08 00:00:00",5,0,SO44509,PO15689158248,10-4020-000328,328,899,277,4,596,596,5,4623,45691Vi24257,NULL,52388.3063,4191.0645,1309.7077,57889.0785,NULL,...,"2001-11-08 00:00:00"
44510,1,"2001-11-01 00:00:00","2001-11-13 00:00:00","2001-11-08 00:00:00",5,0,SO44510,PO14993138865,10-4020-000696,696,275,281,1,1103,1103,5,9043,45754Vi46703,NULL,2099.5056,167.9604,52.4876,2319.9536,NULL,...,"2001-11-08 00:00:00"
44511,1,"2001-11-01 00:00:00","2001-11-13 00:00:00","2001-11-08 00:00:00",5,0,SO44511,PO14529113218,10-4020-000289,289,104,280,1,864,864,5,14363,55796Vi74455,NULL,12191.5827,975.3266,304.7896,13471.6989,NULL,...,"2001-11-08 00:00:00"
44512,1,"2001-11-01 00:00:00","2001-11-13 00:00:00","2001-11-08 00:00:00",5,0,SO44512,PO14848164153,10-4020-000478,478,817,282,6,523,523,5,10628,85801Vi54777,1603,2013.4028,161.0722,50.3351,2224.8101,NULL,...,"2001-11-08 00:00:00"
44513,1,"2001-11-01 00:00:00","2001-11-13 00:00:00","2001-11-08 00:00:00",5,0,SO44513,PO14471116260,10-4020-000145,145,116,280,1,848,848,5,1359,45856Vi6925,NULL,52308.8789,4184.7103,1307.722,57801.3112,NULL,...,"2001-11-08 00:00:00"
44514,1,"2001-11-01 00:00:00","2001-11-13 00:00:00","2001-11-08 00:00:00",5,0,SO44514,PO14500153038,10-4020-000650,650,888,276,1,1099,1099,5,6386,45863Vi33152,NULL,51197.775,4095.822,1279.9444,56573.5414,NULL,...,"2001-11-08 00:00:00"
44515,1,"2001-11-01 00:00:00","2001-11-13 00:00:00","2001-11-08 00:00:00",5,0,SO44515,PO14326161093,10-4020-000107,107,219,275,2,765,765,5,18323,55882Vi95160,NULL,6586.0402,526.8832,164.651,7277.5744,NULL,...,"2001-11-08 00:00:00"
44516,1,"2001-11-01 00:00:00","2001-11-13 00:00:00","2001-11-08 00:00:00",5,0,SO44516,PO14036117297,10-4020-000074,74,119,283,1,841,841,5,972,55923Vi4860,NULL,503.3507,40.2681,12.5838,556.2026,NULL,...,"2001-11-08 00:00:00"
44517,1,"2001-11-01 00:00:00","2001-11-13 00:00:00","2001-11-08 00:00:00",5,0,SO44517,PO13572181174,10-4020-000527,527,853,281,3,1076,1076,5,4941,76024Vi25927,NULL,29908.1995,2392.656,747.705,33048.5605,NULL,...,"2001-11-08 00:00:00"
44518,1,"2001-11-01 00:00:00","2001-11-13 00:00:00","2001-11-08 00:00:00",5,0,SO44518,PO12586169040,10-4020-000278,278,163,279,5,938,30,5,204,116154Vi1051,NULL,153465.5585,12277.2447,3836.639,169579.4422,NULL,...,"2001-11-08 00:00:00"
44519,1,"2001-11-01 00:00:00","2001-11-13 00:00:00","2001-11-08 00:00:00",5,0,SO44519,PO12122152587,10-4020-000022,22,102,277,3,562,562,5,13917,66165Vi72178,NULL,2576.3544,206.1084,64.4089,2846.8717,NULL,...,"2001-11-08 00:00:00"
44520,1,"2001-11-01 00:00:00","2001-11-13 00:00:00","2001-11-08 00:00:00",5,0,SO44520,PO12499152870,10-4020-000078,78,250,276,4,1001,1001,5,15090,96170Vi78070,NULL,69347.4011,5547.7921,1733.685,76628.8782,NULL,...,"2001-11-08 00:00:00"
44521,1,"2001-11-01 00:00:00","2001-11-13 00:00:00","2001-11-08 00:00:00",5,0,SO44521,PO12557171689,10-4020-000240,240,881,276,4,1028,1028,5,3368,66194Vi17744,NULL,31374.9843,2509.9987,784.3746,34669.3576,NULL,...,"2001-11-08 00:00:00"
44522,1,"2001-11-01 00:00:00","2001-11-13 00:00:00","2001-11-08 00:00:00",5,0,SO44522,PO12006113976,10-4020-000270,270,871,275,2,784,784,5,6005,66203Vi31256,NULL,31421.483,2513.7186,785.5371,34720.7387,NULL,...,"2001-11-08 00:00:00"
44523,1,"2001-11-01 00:00:00","2001-11-13 00:00:00","2001-11-08 00:00:00",5,0,SO44523,PO11919191573,10-4020-000073,73,490,280,1,840,840,5,5343,56213Vi27980,NULL,89317.6978,7145.4158,2232.9424,98696.056,NULL,...,"2001-11-08 00:00:00"
44524,1,"2001-11-01 00:00:00","2001-11-13 00:00:00","2001-11-08 00:00:00",5,0,SO44524,PO11716142477,10-4020-000144,144,207,275,2,770,770,5,7167,46232Vi37199,NULL,4896.5106,391.7208,122.4128,5410.6442,NULL,...,"2001-11-08 00:00:00"
44525,1,"2001-11-01 00:00:00","2001-11-13 00:00:00","2001-11-08 00:00:00",5,0,SO44525,PO11600189203,10-4020-000569,569,28,282,6,540,540,5,14729,26255Vi76327,1603,49655.9535,3972.4763,1241.3988,54869.8286,NULL,...,"2001-11-08 00:00:00"
44526,1,"2001-11-01 00:00:00","2001-11-13 00:00:00","2001-11-08 00:00:00",5,0,SO44526,PO11020190357,10-4020-000336,336,340,278,6,501,501,5,18316,126353Vi95120,1603,19837.4828,1586.9986,495.9371,21920.4185,NULL,...,"2001-11-08 00:00:00"
44527,1,"2001-11-01 00:00:00","2001-11-13 00:00:00","2001-11-08 00:00:00",5,0,SO44527,PO10469169045,10-4020-000335,335,88,282,6,500,500,5,11282,66358Vi58190,1603,7350.6784,588.0543,183.767,8122.4997,NULL,...,"2001-11-08 00:00:00"
44528,1,"2001-11-01 00:00:00","2001-11-13 00:00:00","2001-11-08 00:00:00",5,0,SO44528,PO10759143910,10-4020-000346,346,893,277,3,598,598,5,569,56410Vi2945,NULL,130638.8047,10451.1044,3265.9701,144355.8792,NULL,...,"2001-11-08 00:00:00"
44529,1,"2001-11-01 00:00:00","2001-11-13 00:00:00","2001-11-08 00:00:00",5,0,SO44529,PO10556131826,10-4020-000534,534,582,278,6,535,535,5,18831,56416Vi97838,1603,503.3507,40.2681,12.5838,556.2026,NULL,...,"2001-11-08 00:00:00"
44530,1,"2001-11-01 00:00:00","2001-11-13 00:00:00","2001-11-08 00:00:00",5,0,SO44530,PO10440138648,10-4020-000623,623,418,277,3,628,11382,5,16665,96448Vi86292,NULL,126166.9901,10093.3592,3154.1748,139414.5241,NULL,...,"2001-11-08 00:00:00"
44531,1,"2001-11-01 00:00:00","2001-11-13 00:00:00","2001-11-08 00:00:00",5,0,SO44531,PO10121174343,10-4020-000684,684,271,275,2,829,829,5,6126,76472Vi31838,NULL,27468.0983,2197.4479,686.7025,30352.2487,NULL,...,"2001-11-08 00:00:00"
44532,1,"2001-11-01 00:00:00","2001-11-13 00:00:00","2001-11-08 00:00:00",5,0,SO44532,PO1276112318,10-4020-000548,548,10,268,5,970,970,5,9478,106609Vi48861,NULL,2576.3544,206.1084,64.4089,2846.8717,NULL,...,"2001-11-08 00:00:00"
44533,1,"2001-11-01 00:00:00","2001-11-13 00:00:00","2001-11-08 00:00:00",5,0,SO44533,PO1827111566,10-4020-000317,317,245,282,6,497,497,5,11745,76723Vi60734,1603,23375.3519,1870.0282,584.3838,25829.7639,NULL,...,"2001-11-08 00:00:00"
44534,1,"2001-11-01 00:00:00","2001-11-13 00:00:00","2001-11-08 00:00:00",5,0,SO44534,PO2146113582,10-4020-000354,354,33,278,6,504,504,5,14184,66759Vi73564,1603,104330.7153,8346.4572,2608.2679,115285.4404,NULL,...,"2001-11-08 00:00:00"
44535,1,"2001-11-01 00:00:00","2001-11-13 00:00:00","2001-11-08 00:00:00",5,0,SO44535,PO2088169831,10-4020-000136,136,345,282,6,466,466,5,12102,96763Vi62574,1603,28351.4053,2268.1124,708.7851,31328.3028,NULL,...,"2001-11-08 00:00:00"
44536,1,"2001-11-01 00:00:00","2001-11-13 00:00:00","2001-11-08 00:00:00",5,0,SO44536,PO2465119866,10-4020-000148,148,117,277,3,576,576,5,4789,36780Vi25139,NULL,891.2004,71.296,22.28,984.7764,NULL,...,"2001-11-08 00:00:00"
44537,1,"2001-11-01 00:00:00","2001-11-13 00:00:00","2001-11-08 00:00:00",5,0,SO44537,PO2175178820,10-4020-000137,137,64,282,6,467,467,5,13667,66785Vi70824,1603,62.4874,4.999,1.5622,69.0486,NULL,...,"2001-11-08 00:00:00"
44538,1,"2001-11-01 00:00:00","2001-11-13 00:00:00","2001-11-08 00:00:00",5,0,SO44538,PO2523126243,10-4020-000167,167,263,281,4,1015,1015,5,13468,26790Vi69778,NULL,69530.6071,5562.4486,1738.2652,76831.3209,NULL,...,"2001-11-08 00:00:00"
44539,1,"2001-11-01 00:00:00","2001-11-13 00:00:00","2001-11-08 00:00:00",5,0,SO44539,PO2030127941,10-4020-000661,661,383,278,6,553,553,5,16905,126805Vi87636,1603,1788.5758,143.0861,44.7144,1976.3763,NULL,...,"2001-11-08 00:00:00"
44540,1,"2001-11-01 00:00:00","2001-11-13 00:00:00","2001-11-08 00:00:00",5,0,SO44540,PO2900111031,10-4020-000469,469,290,280,1,884,884,5,11011,16828Vi56787,NULL,46439.0065,3715.1205,1160.9752,51315.1022,NULL,...,"2001-11-08 00:00:00"
44541,1,"2001-11-01 00:00:00","2001-11-13 00:00:00","2001-11-08 00:00:00",5,0,SO44541,PO2958192556,10-4020-000559,559,574,280,1,892,892,5,4842,46872Vi25430,NULL,60989.9637,4879.1971,1524.7491,67393.9099,NULL,...,"2001-11-08 00:00:00"
44542,1,"2001-11-01 00:00:00","2001-11-13 00:00:00","2001-11-08 00:00:00",5,0,SO44542,PO2726160803,10-4020-000029,29,360,282,6,449,449,5,13366,36888Vi69277,1603,19506.5985,1560.5279,487.665,21554.7914,NULL,...,"2001-11-08 00:00:00"
44543,1,"2001-11-01 00:00:00","2001-11-13 00:00:00","2001-11-08 00:00:00",5,0,SO44543,PO3045169352,10-4020-000058,58,495,277,3,566,566,5,15648,106923Vi80868,NULL,453.7142,36.2971,11.3429,501.3542,NULL,...,"2001-11-08 00:00:00"
44544,1,"2001-11-01 00:00:00","2001-11-13 00:00:00","2001-11-08 00:00:00",5,0,SO44544,PO3799116414,10-4020-000312,312,40,276,4,1040,1040,5,17861,68020Vi92659,NULL,25200.9636,2016.0771,630.0241,27847.0648,NULL,...,"2001-11-08 00:00:00"
44545,1,"2001-11-01 00:00:00","2001-11-13 00:00:00","2001-11-08 00:00:00",5,0,SO44545,PO3857159800,10-4020-000256,256,423,277,4,588,588,5,8991,128033Vi46347,NULL,11823.5668,945.8853,295.5892,13065.0413,NULL,...,"2001-11-08 00:00:00"
44546,1,"2001-11-01 00:00:00","2001-11-13 00:00:00","2001-11-08 00:00:00",5,0,SO44546,PO4553186712,10-4020-000313,313,594,276,4,1041,1041,5,18386,78100Vi95532,NULL,2099.5056,167.9604,52.4876,2319.9536,NULL,...,"2001-11-08 00:00:00"
44547,1,"2001-11-01 00:00:00","2001-11-13 00:00:00","2001-11-08 00:00:00",5,0,SO44547,PO4901179982,10-4020-000084,84,252,278,6,459,459,5,6452,48130Vi33489,1603,83186.5195,6654.9216,2079.663,91921.1041,NULL,...,"2001-11-08 00:00:00"
44548,1,"2001-11-01 00:00:00","2001-11-13 00:00:00","2001-11-08 00:00:00",5,0,SO44548,PO4698173942,10-4020-000528,528,584,276,4,1077,1077,5,11652,78147Vi60210,NULL,503.3507,40.2681,12.5838,556.2026,NULL,...,"2001-11-08 00:00:00"
44549,1,"2001-11-01 00:00:00","2001-11-13 00:00:00","2001-11-08 00:00:00",5,0,SO44549,PO5568135148,10-4020-000422,422,437,279,5,954,954,5,8663,78231Vi44710,NULL,58818.0448,4705.4436,1470.4511,64993.9395,NULL,...,"2001-11-08 00:00:00"
44550,1,"2001-11-01 00:00:00","2001-11-13 00:00:00","2001-11-08 00:00:00",5,0,SO44550,PO5191121845,10-4020-000364,364,469,277,3,600,600,5,7475,128247Vi38744,NULL,34492.1298,2759.3704,862.3032,38113.8034,NULL,...,"2001-11-08 00:00:00"
44551,1,"2001-11-01 00:00:00","2001-11-13 00:00:00","2001-11-08 00:00:00",5,0,SO44551,PO5684111258,10-4020-000385,385,462,276,4,1053,1053,5,9973,18280Vi51318,NULL,49239.3819,3939.1506,1230.9845,54409.517,NULL,...,"2001-11-08 00:00:00"
44552,1,"2001-11-01 00:00:00","2001-11-13 00:00:00","2001-11-08 00:00:00",5,0,SO44552,PO5858149301,10-4020-000566,566,25,279,5,972,972,5,13160,48287Vi68229,NULL,117725.3953,9418.0316,2943.1349,130086.5618,NULL,...,"2001-11-08 00:00:00"
44553,1,"2001-11-01 00:00:00","2001-11-13 00:00:00","2001-11-08 00:00:00",5,0,SO44553,PO5800114599,10-4020-000063,63,536,279,5,915,915,5,13420,78304Vi69516,NULL,7289.9784,583.1983,182.2495,8055.4262,NULL,...,"2001-11-08 00:00:00"
44554,1,"2001-11-01 00:00:00","2001-11-13 00:00:00","2001-11-08 00:00:00",5,0,SO44554,PO5742184541,10-4020-000541,541,123,280,1,890,890,5,15842,88311Vi81884,NULL,891.2004,71.296,22.28,984.7764,NULL,...,"2001-11-08 00:00:00"
44555,1,"2001-11-01 00:00:00","2001-11-13 00:00:00","2001-11-08 00:00:00",5,0,SO44555,PO6293176988,10-4020-000612,612,400,279,5,979,979,5,10234,128314Vi52839,NULL,36174.5958,2893.9677,904.3649,39972.9284,NULL,...,"2001-11-08 00:00:00"
44556,1,"2001-11-01 00:00:00","2001-11-13 00:00:00","2001-11-08 00:00:00",5,0,SO44556,PO6438122669,10-4020-000309,309,41,277,4,593,593,5,15321,48329Vi79183,NULL,36679.8612,2934.3889,916.9965,40531.2466,NULL,...,"2001-11-08 00:00:00"
44557,1,"2001-11-01 00:00:00","2001-11-13 00:00:00","2001-11-08 00:00:00",5,0,SO44557,PO6351122593,10-4020-000255,255,876,277,4,587,587,5,13104,108343Vi67850,NULL,33784.1953,2702.7356,844.6049,37331.5358,NULL,...,"2001-11-08 00:00:00"
44558,1,"2001-11-01 00:00:00","2001-11-13 00:00:00","2001-11-08 00:00:00",5,0,SO44558,PO6670113276,10-4020-000432,432,278,275,2,802,802,5,161,108379Vi848,NULL,1006.7014,80.5361,25.1675,1112.405,NULL,...,"2001-11-08 00:00:00"
44559,1,"2001-11-01 00:00:00","2001-11-13 00:00:00","2001-11-08 00:00:00",5,0,SO44559,PO6641148111,10-4020-000342,342,342,275,2,792,792,5,4835,68401Vi25408,NULL,20947.4923,1675.7994,523.6873,23146.979,NULL,...,"2001-11-08 00:00:00"
44560,1,"2001-11-01 00:00:00","2001-11-13 00:00:00","2001-11-08 00:00:00",5,0,SO44560,PO6960179699,10-4020-000532,532,335,282,6,533,533,5,6191,118421Vi32168,1603,1155.2099,92.4168,28.8802,1276.5069,NULL,...,"2001-11-08 00:00:00"
44561,1,"2001-11-01 00:00:00","2001-11-13 00:00:00","2001-11-08 00:00:00",5,0,SO44561,PO7221158411,10-4020-000326,326,337,283,1,869,869,5,11815,98449Vi61077,NULL,50619.1329,4049.5306,1265.4783,55934.1418,NULL,...,"2001-11-08 00:00:00"
44562,1,"2001-11-01 00:00:00","2001-11-13 00:00:00","2001-11-08 00:00:00",5,0,SO44562,PO7598190472,10-4020-000045,45,530,279,5,913,913,5,8103,68489Vi41999,NULL,23157.4095,1852.5928,578.9352,25588.9375,NULL,...,"2001-11-08 00:00:00"
44563,1,"2001-11-01 00:00:00","2001-11-13 00:00:00","2001-11-08 00:00:00",5,0,SO44563,PO7627161014,10-4020-000433,433,155,280,1,880,880,5,10270,108490Vi53004,NULL,57303.3112,4584.2649,1432.5828,63320.1589,NULL,...,"2001-11-08 00:00:00"
44564,1,"2001-11-01 00:00:00","2001-11-13 00:00:00","2001-11-08 00:00:00",5,0,SO44564,PO7656157194,10-4020-000403,403,409,276,4,1056,1056,5,12177,108505Vi62954,NULL,41540.9524,3323.2762,1038.5238,45902.7524,NULL,...,"2001-11-08 00:00:00"
44565,1,"2001-11-01 00:00:00","2001-11-13 00:00:00","2001-11-08 00:00:00",5,0,SO44565,PO7714127691,10-4020-000495,495,304,279,5,963,963,5,2759,28516Vi14371,NULL,2591.0486,207.2839,64.7762,2863.1087,NULL,...,"2001-11-08 00:00:00"
44566,1,"2001-11-01 00:00:00","2001-11-13 00:00:00","2001-11-08 00:00:00",5,0,SO44566,PO7830134580,10-4020-000040,40,323,277,4,564,564,5,15798,28538Vi81672,NULL,45980.252,3678.4202,1149.5063,50808.1785,NULL,...,"2001-11-08 00:00:00"
44567,1,"2001-11-01 00:00:00","2001-11-13 00:00:00","2001-11-08 00:00:00",5,0,SO44567,PO7917171062,10-4020-000401,401,39,281,1,1054,1054,5,1660,78558Vi8518,NULL,56325.7151,4506.0572,1408.1429,62239.9152,NULL,...,"2001-11-08 00:00:00"
44568,1,"2001-11-01 00:00:00","2001-11-13 00:00:00","2001-11-08 00:00:00",5,0,SO44568,PO8932184745,10-4020-000287,287,235,275,3,785,785,5,11781,78631Vi60933,NULL,2781.1048,222.4884,69.5276,3073.1208,NULL,...,"2001-11-08 00:00:00"
44569,1,"2001-11-01 00:00:00","2001-11-13 00:00:00","2001-11-08 00:00:00",5,0,SO44569,PO8874191145,10-4020-000348,348,29,276,3,1046,1046,5,6264,18660Vi32553,NULL,36895.6842,2951.6547,922.3921,40769.731,NULL,...,"2001-11-08 00:00:00"
44570,1,"2001-11-01 00:00:00","2001-11-13 00:00:00","2001-11-08 00:00:00",5,0,SO44570,PO8816195785,10-4020-000218,218,442,283,1,857,857,5,2470,108674Vi12864,NULL,70262.9153,5621.0332,1756.5729,77640.5214,NULL,...,"2001-11-08 00:00:00"
44571,1,"2001-11-01 00:00:00","2001-11-13 00:00:00","2001-11-08 00:00:00",5,1,SO44571,NULL,10-4030-029448,29448,19857,NULL,8,29763,29763,1,NULL,NULL,1605,3399.99,271.9992,84.9998,3756.989,NULL,...,"2001-11-08 00:00:00"
44572,1,"2001-11-01 00:00:00","2001-11-13 00:00:00","2001-11-08 00:00:00",5,1,SO44572,NULL,10-4030-028664,28664,8154,NULL,1,18007,18007,1,13261,232865Vi68773,NULL,3578.27,286.2616,89.4568,3953.9884,NULL,...,"2001-11-08 00:00:00"
44573,1,"2001-11-01 00:00:00","2001-11-13 00:00:00","2001-11-08 00:00:00",5,1,SO44573,NULL,10-4030-025917,25917,4943,NULL,4,14778,14778,1,17701,133281Vi91867,NULL,3399.99,271.9992,84.9998,3756.989,NULL,...,"2001-11-08 00:00:00"
44574,1,"2001-11-01 00:00:00","2001-11-13 00:00:00","2001-11-08 00:00:00",5,1,SO44574,NULL,10-4030-011107,11107,3981,NULL,9,13816,13816,1,8849,334152Vi45662,1601,3374.99,269.9992,84.3748,3729.364,NULL,...,"2001-11-08 00:00:00"
44575,1,"2001-11-01 00:00:00","2001-11-13 00:00:00","2001-11-08 00:00:00",5,1,SO44575,NULL,10-4030-011110,11110,17447,NULL,9,27334,27334,1,9230,1134963Vi47607,1601,3399.99,271.9992,84.9998,3756.989,NULL,...,"2001-11-08 00:00:00"
44576,1,"2001-11-01 00:00:00","2001-11-13 00:00:00","2001-11-08 00:00:00",5,1,SO44576,NULL,10-4030-028660,28660,17065,NULL,1,26952,26952,1,7042,335615Vi36584,NULL,3578.27,286.2616,89.4568,3953.9884,NULL,...,"2001-11-08 00:00:00"
44577,1,"2001-11-02 00:00:00","2001-11-14 00:00:00","2001-11-09 00:00:00",5,1,SO44577,NULL,10-4030-028667,28667,4114,NULL,1,13949,13949,1,8971,732749Vi46265,NULL,3578.27,286.2616,89.4568,3953.9884,NULL,...,"2001-11-09 00:00:00"
44578,1,"2001-11-02 00:00:00","2001-11-14 00:00:00","2001-11-09 00:00:00",5,1,SO44578,NULL,10-4030-028653,28653,10497,NULL,4,20364,20364,1,1931,732855Vi10062,NULL,3578.27,286.2616,89.4568,3953.9884,NULL,...,"2001-11-09 00:00:00"
44579,1,"2001-11-02 00:00:00","2001-11-14 00:00:00","2001-11-09 00:00:00",5,1,SO44579,NULL,10-4030-028662,28662,14269,NULL,4,24139,24139,1,14662,1232864Vi76039,NULL,3578.27,286.2616,89.4568,3953.9884,NULL,...,"2001-11-09 00:00:00"
44580,1,"2001-11-03 00:00:00","2001-11-15 00:00:00","2001-11-10 00:00:00",5,1,SO44580,NULL,10-4030-013782,13782,11271,NULL,8,21141,21141,1,5628,630914Vi29453,1631,3578.27,286.2616,89.4568,3953.9884,NULL,...,"2001-11-10 00:00:00"
44581,1,"2001-11-03 00:00:00","2001-11-15 00:00:00","2001-11-10 00:00:00",5,1,SO44581,NULL,10-4030-011108,11108,9736,NULL,9,19596,19596,1,2633,734961Vi13688,1627,3374.99,269.9992,84.3748,3729.364,NULL,...,"2001-11-10 00:00:00"
44582,1,"2001-11-03 00:00:00","2001-11-15 00:00:00","2001-11-10 00:00:00",5,1,SO44582,NULL,10-4030-011134,11134,17639,NULL,9,27527,27527,1,6223,334970Vi32324,1627,3399.99,271.9992,84.9998,3756.989,NULL,...,"2001-11-10 00:00:00"
44583,1,"2001-11-03 00:00:00","2001-11-15 00:00:00","2001-11-10 00:00:00",5,1,SO44583,NULL,10-4030-018210,18210,19813,NULL,9,29719,29719,1,NULL,NULL,1627,3578.27,286.2616,89.4568,3953.9884,NULL,...,"2001-11-10 00:00:00"
44584,1,"2001-11-04 00:00:00","2001-11-16 00:00:00","2001-11-11 00:00:00",5,1,SO44584,NULL,10-4030-028671,28671,2562,NULL,1,12389,12389,1,14573,432752Vi75553,NULL,3578.27,286.2616,89.4568,3953.9884,NULL,...,"2001-11-11 00:00:00"
44585,1,"2001-11-04 00:00:00","2001-11-16 00:00:00","2001-11-11 00:00:00",5,1,SO44585,NULL,10-4030-028790,28790,14082,NULL,1,23952,23952,1,5521,1032768Vi28940,NULL,3578.27,286.2616,89.4568,3953.9884,NULL,...,"2001-11-11 00:00:00"
44586,1,"2001-11-04 00:00:00","2001-11-16 00:00:00","2001-11-11 00:00:00",5,1,SO44586,NULL,10-4030-028794,28794,13857,NULL,1,23727,23727,1,2801,232770Vi14600,NULL,3578.27,286.2616,89.4568,3953.9884,NULL,...,"2001-11-11 00:00:00"
44587,1,"2001-11-04 00:00:00","2001-11-16 00:00:00","2001-11-11 00:00:00",5,1,SO44587,NULL,10-4030-028627,28627,2950,NULL,4,12780,12780,1,1288,532844Vi6536,NULL,3578.27,286.2616,89.4568,3953.9884,NULL,...,"2001-11-11 00:00:00"
44588,1,"2001-11-04 00:00:00","2001-11-16 00:00:00","2001-11-11 00:00:00",5,1,SO44588,NULL,10-4030-026683,26683,7299,NULL,6,17148,17148,1,949,433819Vi4768,1642,699.0982,55.9279,17.4775,772.5036,NULL,...,"2001-11-11 00:00:00"
44589,1,"2001-11-04 00:00:00","2001-11-16 00:00:00","2001-11-11 00:00:00",5,1,SO44589,NULL,10-4030-011104,11104,7339,NULL,9,17189,17189,1,10254,534149Vi52928,1640,3399.99,271.9992,84.9998,3756.989,NULL,...,"2001-11-11 00:00:00"
44590,1,"2001-11-05 00:00:00","2001-11-17 00:00:00","2001-11-12 00:00:00",5,1,SO44590,NULL,10-4030-013795,13795,16163,NULL,8,26049,26049,1,2173,330919Vi11326,1657,3578.27,286.2616,89.4568,3953.9884,NULL,...,"2001-11-12 00:00:00"
44591,1,"2001-11-05 00:00:00","2001-11-17 00:00:00","2001-11-12 00:00:00",5,1,SO44591,NULL,10-4030-017987,17987,4050,NULL,7,13885,13885,1,13021,1232672Vi67358,1659,699.0982,55.9279,17.4775,772.5036,NULL,...,"2001-11-12 00:00:00"
44592,1,"2001-11-05 00:00:00","2001-11-17 00:00:00","2001-11-12 00:00:00",5,1,SO44592,NULL,10-4030-028761,28761,15354,NULL,4,25236,25236,1,2294,1132760Vi12023,NULL,3578.27,286.2616,89.4568,3953.9884,NULL,...,"2001-11-12 00:00:00"
44593,1,"2001-11-05 00:00:00","2001-11-17 00:00:00","2001-11-12 00:00:00",5,1,SO44593,NULL,10-4030-028645,28645,15956,NULL,4,25842,25842,1,3831,632851Vi20169,NULL,3578.27,286.2616,89.4568,3953.9884,NULL,...,"2001-11-12 00:00:00"
44594,1,"2001-11-05 00:00:00","2001-11-17 00:00:00","2001-11-12 00:00:00",5,1,SO44594,NULL,10-4030-018250,18250,3216,NULL,9,13049,13049,1,5230,1134414Vi27332,1653,3578.27,286.2616,89.4568,3953.9884,NULL,...,"2001-11-12 00:00:00"
44595,1,"2001-11-05 00:00:00","2001-11-17 00:00:00","2001-11-12 00:00:00",5,1,SO44595,NULL,10-4030-011124,11124,10943,NULL,9,20811,20811,1,15348,734968Vi79297,1653,3399.99,271.9992,84.9998,3756.989,NULL,...,"2001-11-12 00:00:00"
44596,1,"2001-11-05 00:00:00","2001-11-17 00:00:00","2001-11-12 00:00:00",5,1,SO44596,NULL,10-4030-018238,18238,4220,NULL,9,14055,14055,1,4298,1135340Vi22569,1653,3578.27,286.2616,89.4568,3953.9884,NULL,...,"2001-11-12 00:00:00"
44597,1,"2001-11-06 00:00:00","2001-11-18 00:00:00","2001-11-13 00:00:00",5,1,SO44597,NULL,10-4030-012290,12290,8196,NULL,7,18049,18049,1,14849,1230912Vi76912,1672,3578.27,286.2616,89.4568,3953.9884,NULL,...,"2001-11-13 00:00:00"
44598,1,"2001-11-06 00:00:00","2001-11-18 00:00:00","2001-11-13 00:00:00",5,1,SO44598,NULL,10-4030-029400,29400,6120,NULL,8,15955,15955,1,2398,731756Vi12501,1670,3374.99,269.9992,84.3748,3729.364,NULL,...,"2001-11-13 00:00:00"
44599,1,"2001-11-06 00:00:00","2001-11-18 00:00:00","2001-11-13 00:00:00",5,1,SO44599,NULL,10-4030-028792,28792,15165,NULL,1,25044,25044,1,735,332769Vi3772,NULL,3578.27,286.2616,89.4568,3953.9884,NULL,...,"2001-11-13 00:00:00"
44600,1,"2001-11-06 00:00:00","2001-11-18 00:00:00","2001-11-13 00:00:00",5,1,SO44600,NULL,10-4030-018243,18243,3008,NULL,9,12838,12838,1,11957,134408Vi61811,1666,3578.27,286.2616,89.4568,3953.9884,NULL,...,"2001-11-13 00:00:00"
44601,1,"2001-11-06 00:00:00","2001-11-18 00:00:00","2001-11-13 00:00:00",5,1,SO44601,NULL,10-4030-011117,11117,19726,NULL,9,29632,29632,1,NULL,NULL,1666,3399.99,271.9992,84.9998,3756.989,NULL,...,"2001-11-13 00:00:00"
44602,1,"2001-11-07 00:00:00","2001-11-19 00:00:00","2001-11-14 00:00:00",5,1,SO44602,NULL,10-4030-014702,14702,17437,NULL,10,27324,27324,1,10507,530908Vi54146,1686,3578.27,286.2616,89.4568,3953.9884,NULL,...,"2001-11-14 00:00:00"
44603,1,"2001-11-07 00:00:00","2001-11-19 00:00:00","2001-11-14 00:00:00",5,1,SO44603,NULL,10-4030-020167,20167,10271,NULL,10,20136,20136,1,19022,1132670Vi98833,1686,699.0982,55.9279,17.4775,772.5036,NULL,...,"2001-11-14 00:00:00"
44604,1,"2001-11-07 00:00:00","2001-11-19 00:00:00","2001-11-14 00:00:00",5,1,SO44604,NULL,10-4030-019364,19364,11757,NULL,8,21627,21627,1,16007,932673Vi82772,1683,699.0982,55.9279,17.4775,772.5036,NULL,...,"2001-11-14 00:00:00"
44605,1,"2001-11-07 00:00:00","2001-11-19 00:00:00","2001-11-14 00:00:00",5,1,SO44605,NULL,10-4030-028672,28672,3342,NULL,4,13177,13177,1,2011,532753Vi10468,NULL,3578.27,286.2616,89.4568,3953.9884,NULL,...,"2001-11-14 00:00:00"
44606,1,"2001-11-07 00:00:00","2001-11-19 00:00:00","2001-11-14 00:00:00",5,1,SO44606,NULL,10-4030-028772,28772,4491,NULL,1,14326,14326,1,13609,732765Vi70530,NULL,3578.27,286.2616,89.4568,3953.9884,NULL,...,"2001-11-14 00:00:00"
44607,1,"2001-11-07 00:00:00","2001-11-19 00:00:00","2001-11-14 00:00:00",5,1,SO44607,NULL,10-4030-028774,28774,5325,NULL,4,15160,15160,1,2609,532766Vi13557,NULL,3578.27,286.2616,89.4568,3953.9884,NULL,...,"2001-11-14 00:00:00"
44608,1,"2001-11-07 00:00:00","2001-11-19 00:00:00","2001-11-14 00:00:00",5,1,SO44608,NULL,10-4030-018200,18200,1978,NULL,9,11798,11798,1,2811,635322Vi14631,1679,3578.27,286.2616,89.4568,3953.9884,NULL,...,"2001-11-14 00:00:00"
44609,1,"2001-11-07 00:00:00","2001-11-19 00:00:00","2001-11-14 00:00:00",5,1,SO44609,NULL,10-4030-018220,18220,17197,NULL,9,27084,27084,1,13250,1235338Vi68725,1679,3578.27,286.2616,89.4568,3953.9884,NULL,...,"2001-11-14 00:00:00"
44610,1,"2001-11-07 00:00:00","2001-11-19 00:00:00","2001-11-14 00:00:00",5,1,SO44610,NULL,10-4030-018241,18241,16380,NULL,9,26266,26266,1,19164,1235343Vi99587,1679,3578.27,286.2616,89.4568,3953.9884,NULL,...,"2001-11-14 00:00:00"
44611,1,"2001-11-08 00:00:00","2001-11-20 00:00:00","2001-11-15 00:00:00",5,1,SO44611,NULL,10-4030-013778,13778,12432,NULL,8,22302,22302,1,2634,1230911Vi13690,1696,3578.27,286.2616,89.4568,3953.9884,NULL,...,"2001-11-15 00:00:00"
44612,1,"2001-11-08 00:00:00","2001-11-20 00:00:00","2001-11-15 00:00:00",5,1,SO44612,NULL,10-4030-028675,28675,15723,NULL,4,25607,25607,1,9376,532756Vi48337,NULL,3578.27,286.2616,89.4568,3953.9884,NULL,...,"2001-11-15 00:00:00"
44613,1,"2001-11-08 00:00:00","2001-11-20 00:00:00","2001-11-15 00:00:00",5,1,SO44613,NULL,10-4030-028628,28628,8874,NULL,1,18728,18728,1,261,832845Vi1358,NULL,3578.27,286.2616,89.4568,3953.9884,NULL,...,"2001-11-15 00:00:00"
44614,1,"2001-11-08 00:00:00","2001-11-20 00:00:00","2001-11-15 00:00:00",5,1,SO44614,NULL,10-4030-028650,28650,11312,NULL,4,21182,21182,1,7952,932853Vi41146,NULL,3578.27,286.2616,89.4568,3953.9884,NULL,...,"2001-11-15 00:00:00"
44615,1,"2001-11-08 00:00:00","2001-11-20 00:00:00","2001-11-15 00:00:00",5,1,SO44615,NULL,10-4030-028654,28654,3322,NULL,1,13157,13157,1,16087,432856Vi83194,NULL,3578.27,286.2616,89.4568,3953.9884,NULL,...,"2001-11-15 00:00:00"
44616,1,"2001-11-08 00:00:00","2001-11-20 00:00:00","2001-11-15 00:00:00",5,1,SO44616,NULL,10-4030-028655,28655,4110,NULL,1,13945,13945,1,14338,732858Vi74341,NULL,3578.27,286.2616,89.4568,3953.9884,NULL,...,"2001-11-15 00:00:00"
44617,1,"2001-11-08 00:00:00","2001-11-20 00:00:00","2001-11-15 00:00:00",5,1,SO44617,NULL,10-4030-028666,28666,17789,NULL,1,27677,27677,1,9509,1232868Vi49027,NULL,3578.27,286.2616,89.4568,3953.9884,NULL,...,"2001-11-15 00:00:00"
44618,1,"2001-11-08 00:00:00","2001-11-20 00:00:00","2001-11-15 00:00:00",5,1,SO44618,NULL,10-4030-018205,18205,19880,NULL,9,29786,29786,1,NULL,NULL,1692,3578.27,286.2616,89.4568,3953.9884,NULL,...,"2001-11-15 00:00:00"
44619,1,"2001-11-09 00:00:00","2001-11-21 00:00:00","2001-11-16 00:00:00",5,1,SO44619,NULL,10-4030-013789,13789,19156,NULL,8,29057,29057,1,11868,930917Vi61279,1709,3578.27,286.2616,89.4568,3953.9884,NULL,...,"2001-11-16 00:00:00"
44620,1,"2001-11-09 00:00:00","2001-11-21 00:00:00","2001-11-16 00:00:00",5,1,SO44620,NULL,10-4030-018204,18204,19890,NULL,9,29796,29796,1,NULL,NULL,1705,3578.27,286.2616,89.4568,3953.9884,NULL,...,"2001-11-16 00:00:00"
44621,1,"2001-11-09 00:00:00","2001-11-21 00:00:00","2001-11-16 00:00:00",5,1,SO44621,NULL,10-4030-018217,18217,13955,NULL,9,23825,23825,1,12879,335335Vi66610,1705,3578.27,286.2616,89.4568,3953.9884,NULL,...,"2001-11-16 00:00:00"
44622,1,"2001-11-09 00:00:00","2001-11-21 00:00:00","2001-11-16 00:00:00",5,1,SO44622,NULL,10-4030-013771,13771,18435,NULL,8,28326,28326,1,15452,535731Vi79804,1709,3578.27,286.2616,89.4568,3953.9884,NULL,...,"2001-11-16 00:00:00"
44623,1,"2001-11-10 00:00:00","2001-11-22 00:00:00","2001-11-17 00:00:00",5,1,SO44623,NULL,10-4030-012301,12301,15817,NULL,7,25701,25701,1,10091,630921Vi52012,1724,3578.27,286.2616,89.4568,3953.9884,NULL,...,"2001-11-17 00:00:00"
44624,1,"2001-11-10 00:00:00","2001-11-22 00:00:00","2001-11-17 00:00:00",5,1,SO44624,NULL,10-4030-019357,19357,5758,NULL,8,15593,15593,1,17117,732669Vi88874,1722,699.0982,55.9279,17.4775,772.5036,NULL,...,"2001-11-17 00:00:00"
44625,1,"2001-11-10 00:00:00","2001-11-22 00:00:00","2001-11-17 00:00:00",5,1,SO44625,NULL,10-4030-028658,28658,19003,NULL,4,28904,28904,1,18313,1132860Vi95100,NULL,3578.27,286.2616,89.4568,3953.9884,NULL,...,"2001-11-17 00:00:00"
44626,1,"2001-11-10 00:00:00","2001-11-22 00:00:00","2001-11-17 00:00:00",5,1,SO44626,NULL,10-4030-018272,18272,5120,NULL,9,14955,14955,1,5005,534422Vi26224,1718,3578.27,286.2616,89.4568,3953.9884,NULL,...,"2001-11-17 00:00:00"
44627,1,"2001-11-10 00:00:00","2001-11-22 00:00:00","2001-11-17 00:00:00",5,1,SO44627,NULL,10-4030-011109,11109,10386,NULL,9,20252,20252,1,10958,134962Vi56506,1718,3374.99,269.9992,84.3748,3729.364,NULL,...,"2001-11-17 00:00:00"
44628,1,"2001-11-10 00:00:00","2001-11-22 00:00:00","2001-11-17 00:00:00",5,1,SO44628,NULL,10-4030-011356,11356,3474,NULL,9,13309,13309,1,5303,334973Vi27713,1718,3374.99,269.9992,84.3748,3729.364,NULL,...,"2001-11-17 00:00:00"
44629,1,"2001-11-10 00:00:00","2001-11-22 00:00:00","2001-11-17 00:00:00",5,1,SO44629,NULL,10-4030-018209,18209,6432,NULL,9,16268,16268,1,7792,435330Vi40377,1718,3578.27,286.2616,89.4568,3953.9884,NULL,...,"2001-11-17 00:00:00"
44630,1,"2001-11-11 00:00:00","2001-11-23 00:00:00","2001-11-18 00:00:00",5,1,SO44630,NULL,10-4030-028765,28765,3178,NULL,4,13011,13011,1,13120,532762Vi67949,NULL,3578.27,286.2616,89.4568,3953.9884,NULL,...,"2001-11-18 00:00:00"
44631,1,"2001-11-11 00:00:00","2001-11-23 00:00:00","2001-11-18 00:00:00",5,1,SO44631,NULL,10-4030-028629,28629,18933,NULL,4,28834,28834,1,10078,632846Vi51920,NULL,3578.27,286.2616,89.4568,3953.9884,NULL,...,"2001-11-18 00:00:00"
44632,1,"2001-11-11 00:00:00","2001-11-23 00:00:00","2001-11-18 00:00:00",5,1,SO44632,NULL,10-4030-018196,18196,7384,NULL,9,17235,17235,1,7406,735320Vi38398,1731,3578.27,286.2616,89.4568,3953.9884,NULL,...,"2001-11-18 00:00:00"
44633,1,"2001-11-11 00:00:00","2001-11-23 00:00:00","2001-11-18 00:00:00",5,1,SO44633,NULL,10-4030-018203,18203,12288,NULL,9,22158,22158,1,17458,335325Vi90716,1731,3578.27,286.2616,89.4568,3953.9884,NULL,...,"2001-11-18 00:00:00"
44634,1,"2001-11-11 00:00:00","2001-11-23 00:00:00","2001-11-18 00:00:00",5,1,SO44634,NULL,10-4030-018213,18213,7907,NULL,9,17760,17760,1,11837,635333Vi61169,1731,3578.27,286.2616,89.4568,3953.9884,NULL,...,"2001-11-18 00:00:00"
44635,1,"2001-11-11 00:00:00","2001-11-23 00:00:00","2001-11-18 00:00:00",5,1,SO44635,NULL,10-4030-018218,18218,4892,NULL,9,14727,14727,1,17513,535336Vi90954,1731,3578.27,286.2616,89.4568,3953.9884,NULL,...,"2001-11-18 00:00:00"
44636,1,"2001-11-12 00:00:00","2001-11-24 00:00:00","2001-11-19 00:00:00",5,1,SO44636,NULL,10-4030-014705,14705,6561,NULL,10,16399,16399,1,3709,1130910Vi19572,1751,3578.27,286.2616,89.4568,3953.9884,NULL,...,"2001-11-19 00:00:00"
44637,1,"2001-11-12 00:00:00","2001-11-24 00:00:00","2001-11-19 00:00:00",5,1,SO44637,NULL,10-4030-028644,28644,4089,NULL,1,13924,13924,1,6835,832850Vi35634,NULL,3578.27,286.2616,89.4568,3953.9884,NULL,...,"2001-11-19 00:00:00"
44638,1,"2001-11-12 00:00:00","2001-11-24 00:00:00","2001-11-19 00:00:00",5,1,SO44638,NULL,10-4030-028651,28651,10820,NULL,4,20687,20687,1,6636,132854Vi34547,NULL,3578.27,286.2616,89.4568,3953.9884,NULL,...,"2001-11-19 00:00:00"
44639,1,"2001-11-12 00:00:00","2001-11-24 00:00:00","2001-11-19 00:00:00",5,1,SO44639,NULL,10-4030-014617,14617,4696,NULL,1,14531,14531,1,3534,533822Vi18604,NULL,699.0982,55.9279,17.4775,772.5036,NULL,...,"2001-11-19 00:00:00"
44640,1,"2001-11-12 00:00:00","2001-11-24 00:00:00","2001-11-19 00:00:00",5,1,SO44640,NULL,10-4030-018246,18246,3473,NULL,9,13308,13308,1,6719,534411Vi34979,1744,3578.27,286.2616,89.4568,3953.9884,NULL,...,"2001-11-19 00:00:00"
44641,1,"2001-11-12 00:00:00","2001-11-24 00:00:00","2001-11-19 00:00:00",5,1,SO44641,NULL,10-4030-018255,18255,18988,NULL,9,28889,28889,1,19182,434418Vi99679,1744,3578.27,286.2616,89.4568,3953.9884,NULL,...,"2001-11-19 00:00:00"
44642,1,"2001-11-12 00:00:00","2001-11-24 00:00:00","2001-11-19 00:00:00",5,1,SO44642,NULL,10-4030-025567,25567,17124,NULL,9,27011,27011,1,223,434564Vi1149,1744,699.0982,55.9279,17.4775,772.5036,NULL,...,"2001-11-19 00:00:00"
44643,1,"2001-11-13 00:00:00","2001-11-25 00:00:00","2001-11-20 00:00:00",5,1,SO44643,NULL,10-4030-012280,12280,13090,NULL,7,22960,22960,1,2334,230907Vi12170,1763,3578.27,286.2616,89.4568,3953.9884,NULL,...,"2001-11-20 00:00:00"
44644,1,"2001-11-13 00:00:00","2001-11-25 00:00:00","2001-11-20 00:00:00",5,1,SO44644,NULL,10-4030-012279,12279,13747,NULL,7,23617,23617,1,10618,230965Vi54749,1763,3578.27,286.2616,89.4568,3953.9884,NULL,...,"2001-11-20 00:00:00"
44645,1,"2001-11-13 00:00:00","2001-11-25 00:00:00","2001-11-20 00:00:00",5,1,SO44645,NULL,10-4030-011344,11344,4632,NULL,10,14467,14467,1,11312,131760Vi58323,1764,3399.99,271.9992,84.9998,3756.989,NULL,...,"2001-11-20 00:00:00"
44646,1,"2001-11-13 00:00:00","2001-11-25 00:00:00","2001-11-20 00:00:00",5,1,SO44646,NULL,10-4030-029449,29449,1587,NULL,8,11407,11407,1,759,631763Vi3879,1761,3399.99,271.9992,84.9998,3756.989,NULL,...,"2001-11-20 00:00:00"
44647,1,"2001-11-13 00:00:00","2001-11-25 00:00:00","2001-11-20 00:00:00",5,1,SO44647,NULL,10-4030-028770,28770,13210,NULL,1,23080,23080,1,1759,432764Vi9066,NULL,3578.27,286.2616,89.4568,3953.9884,NULL,...,"2001-11-20 00:00:00"
44648,1,"2001-11-13 00:00:00","2001-11-25 00:00:00","2001-11-20 00:00:00",5,1,SO44648,NULL,10-4030-025916,25916,16719,NULL,4,26605,26605,1,5495,733279Vi28821,NULL,3399.99,271.9992,84.9998,3756.989,NULL,...,"2001-11-20 00:00:00"
44649,1,"2001-11-13 00:00:00","2001-11-25 00:00:00","2001-11-20 00:00:00",5,1,SO44649,NULL,10-4030-025924,25924,11498,NULL,4,21368,21368,1,18132,1233282Vi94024,NULL,3399.99,271.9992,84.9998,3756.989,NULL,...,"2001-11-20 00:00:00"
44650,1,"2001-11-13 00:00:00","2001-11-25 00:00:00","2001-11-20 00:00:00",5,1,SO44650,NULL,10-4030-011147,11147,5663,NULL,9,15498,15498,1,967,834971Vi4843,1757,3374.99,269.9992,84.3748,3729.364,NULL,...,"2001-11-20 00:00:00"
44651,1,"2001-11-14 00:00:00","2001-11-26 00:00:00","2001-11-21 00:00:00",5,1,SO44651,NULL,10-4030-014720,14720,16649,NULL,10,26535,26535,1,13014,530915Vi67328,1777,3578.27,286.2616,89.4568,3953.9884,NULL,...,"2001-11-21 00:00:00"
44652,1,"2001-11-14 00:00:00","2001-11-26 00:00:00","2001-11-21 00:00:00",5,1,SO44652,NULL,10-4030-028407,28407,11056,NULL,7,20926,20926,1,6625,931757Vi34487,1776,3374.99,269.9992,84.3748,3729.364,NULL,...,"2001-11-21 00:00:00"
44653,1,"2001-11-14 00:00:00","2001-11-26 00:00:00","2001-11-21 00:00:00",5,1,SO44653,NULL,10-4030-020170,20170,6888,NULL,10,16731,16731,1,13272,1232674Vi68837,1777,699.0982,55.9279,17.4775,772.5036,NULL,...,"2001-11-21 00:00:00"
44654,1,"2001-11-14 00:00:00","2001-11-26 00:00:00","2001-11-21 00:00:00",5,1,SO44654,NULL,10-4030-028619,28619,18401,NULL,4,28292,28292,1,12353,1032841Vi63906,NULL,3578.27,286.2616,89.4568,3953.9884,NULL,...,"2001-11-21 00:00:00"
44655,1,"2001-11-14 00:00:00","2001-11-26 00:00:00","2001-11-21 00:00:00",5,1,SO44655,NULL,10-4030-011105,11105,14630,NULL,9,24502,24502,1,18919,834150Vi98284,1770,3399.99,271.9992,84.9998,3756.989,NULL,...,"2001-11-21 00:00:00"
44656,1,"2001-11-14 00:00:00","2001-11-26 00:00:00","2001-11-21 00:00:00",5,1,SO44656,NULL,10-4030-018275,18275,1831,NULL,9,11651,11651,1,12162,1234424Vi62869,1770,3578.27,286.2616,89.4568,3953.9884,NULL,...,"2001-11-21 00:00:00"
44657,1,"2001-11-14 00:00:00","2001-11-26 00:00:00","2001-11-21 00:00:00",5,1,SO44657,NULL,10-4030-011120,11120,5273,NULL,9,15108,15108,1,5503,934967Vi28849,1770,3374.99,269.9992,84.3748,3729.364,NULL,...,"2001-11-21 00:00:00"
44658,1,"2001-11-14 00:00:00","2001-11-26 00:00:00","2001-11-21 00:00:00",5,1,SO44658,NULL,10-4030-018201,18201,2683,NULL,9,12512,12512,1,1429,135323Vi7318,1770,3578.27,286.2616,89.4568,3953.9884,NULL,...,"2001-11-21 00:00:00"
